Date,humidity,pressure,temp,temp_max,temp_min,wind_deg,wind_speed
12-01-2022 09:52,35,1013,296.15,296.15,296.15,40,3.09
12-01-2022 10:50,33,1013,297.15,297.15,297.15,20,3.09
12-01-2022 11:00,33,1013,297.15,297.15,297.15,20,3.09
12-01-2022 11:05,33,1013,297.15,297.15,297.15,50,2.57
12-01-2022 11:20,33,1013,297.15,297.15,297.15,50,2.57
12-01-2022 11:20,33,1013,297.15,297.15,297.15,50,2.57
12-01-2022 11:40,35,1013,296.15,296.15,296.15,50,4.12
12-01-2022 11:45,35,1013,296.15,296.15,296.15,50,4.12
12-01-2022 12:00,35,1013,296.15,296.15,296.15,50,4.12
12-01-2022 12:09,33,1013,296.15,296.15,296.15,50,3.09
12-01-2022 12:20,33,1013,296.15,296.15,296.15,50,3.09
12-01-2022 12:30,33,1013,296.15,296.15,296.15,50,3.09
12-01-2022 12:30,33,1013,296.15,296.15,296.15,50,3.09
12-01-2022 12:50,35,1014,295.15,295.15,295.15,50,2.57
12-01-2022 12:50,35,1014,295.15,295.15,295.15,50,2.57
12-01-2022 13:10,37,1014,294.15,294.15,294.15,60,2.57
12-01-2022 13:20,37,1014,294.15,294.15,294.15,60,2.57
12-01-2022 13:20,37,1014,294.15,294.15,294.15,60,2.57
12-01-2022 13:40,37,1014,294.15,294.15,294.15,60,2.57
12-01-2022 13:40,37,1014,294.15,294.15,294.15,60,2.57
12-01-2022 14:00,40,1014,293.15,293.15,293.15,20,2.57
12-01-2022 14:00,40,1014,293.15,293.15,293.15,20,2.57
12-01-2022 14:20,40,1015,293.15,293.15,293.15,60,3.09
12-01-2022 14:25,40,1015,293.15,293.15,293.15,60,3.09
12-01-2022 14:40,40,1015,293.15,293.15,293.15,60,3.09
12-01-2022 14:50,45,1015,292.15,292.15,292.15,60,4.12
12-01-2022 15:00,45,1015,292.15,292.15,292.15,60,4.12
12-01-2022 15:00,45,1015,292.15,292.15,292.15,60,4.12
12-01-2022 15:20,52,1015,291.15,291.15,291.15,50,4.12
12-01-2022 15:26,52,1015,291.15,291.15,291.15,50,4.12
12-01-2022 15:40,52,1015,291.15,291.15,291.15,50,4.12
12-01-2022 15:40,52,1015,291.15,291.15,291.15,50,4.12
12-01-2022 16:00,38,1016,289.08,289.08,289.08,10,4.4
12-01-2022 16:00,38,1016,289.08,289.08,289.08,10,4.4
12-01-2022 16:20,38,1016,289.08,289.08,289.08,10,4.4
12-01-2022 16:30,40,1016,288.47,288.47,288.47,17,4.23
12-01-2022 16:30,40,1016,288.47,288.47,288.47,17,4.23
12-01-2022 16:50,40,1016,288.47,288.47,288.47,17,4.23
12-01-2022 16:57,40,1016,288.47,288.47,288.47,17,4.23
12-01-2022 16:57,40,1016,288.47,288.47,288.47,17,4.23
12-01-2022 17:20,40,1016,288.47,288.47,288.47,17,4.23
12-01-2022 17:30,42,1016,287.99,287.99,287.99,22,4.26
12-01-2022 17:30,42,1016,287.99,287.99,287.99,22,4.26
12-01-2022 17:50,42,1016,287.99,287.99,287.99,22,4.26
12-01-2022 18:00,42,1016,287.99,287.99,287.99,22,4.26
12-01-2022 18:00,42,1016,287.99,287.99,287.99,22,4.26
12-01-2022 18:20,42,1016,287.99,287.99,287.99,22,4.26
12-01-2022 18:30,44,1015,287.48,287.48,287.48,27,3.85
12-01-2022 18:30,44,1015,287.48,287.48,287.48,27,3.85
12-01-2022 18:50,44,1015,287.48,287.48,287.48,27,3.85
12-01-2022 19:00,44,1015,287.48,287.48,287.48,27,3.85
12-01-2022 19:10,44,1015,287.48,287.48,287.48,27,3.85
12-01-2022 19:10,44,1015,287.48,287.48,287.48,27,3.85
12-01-2022 19:30,46,1015,287.13,287.13,287.13,31,3.89
12-01-2022 19:40,46,1015,287.13,287.13,287.13,31,3.89
12-01-2022 19:47,46,1015,287.13,287.13,287.13,31,3.89
12-01-2022 20:00,46,1015,287.13,287.13,287.13,31,3.89
12-01-2022 20:00,46,1015,287.13,287.13,287.13,31,3.89
12-01-2022 20:20,46,1015,287.13,287.13,287.13,31,3.89
12-01-2022 20:30,48,1014,286.7,286.7,286.7,35,3.49
12-01-2022 20:30,48,1014,286.7,286.7,286.7,35,3.49
12-01-2022 20:50,48,1014,286.7,286.7,286.7,35,3.49
12-01-2022 21:00,48,1014,286.7,286.7,286.7,35,3.49
12-01-2022 21:00,48,1014,286.7,286.7,286.7,35,3.49
12-01-2022 21:20,49,1015,286.68,286.68,286.68,33,3.76
12-01-2022 21:30,51,1015,286.27,286.27,286.27,38,3.65
12-01-2022 21:30,51,1015,286.27,286.27,286.27,38,3.65
12-01-2022 21:50,51,1015,286.27,286.27,286.27,38,3.65
12-01-2022 22:00,51,1015,286.27,286.27,286.27,38,3.65
12-01-2022 22:00,51,1015,286.27,286.27,286.27,38,3.65
12-01-2022 22:20,51,1015,286.27,286.27,286.27,38,3.65
12-01-2022 22:30,53,1014,286.05,286.05,286.05,38,3.83
12-01-2022 22:40,53,1014,286.05,286.05,286.05,38,3.83
12-01-2022 22:40,53,1014,286.05,286.05,286.05,38,3.83
12-01-2022 23:00,53,1014,286.05,286.05,286.05,38,3.83
12-01-2022 23:10,53,1014,286.05,286.05,286.05,38,3.83
12-01-2022 23:10,53,1014,286.05,286.05,286.05,38,3.83
12-01-2022 23:30,76,1014,285.15,285.15,285.15,50,2.06
12-01-2022 23:40,76,1014,285.15,285.15,285.15,50,2.06
12-01-2022 23:40,76,1014,285.15,285.15,285.15,50,2.06
13-01-2022 00:00,56,1015,285.57,285.57,285.57,41,3.45
13-01-2022 00:10,56,1015,285.57,285.57,285.57,41,3.45
13-01-2022 00:20,76,1014,285.15,285.15,285.15,50,3.09
13-01-2022 00:30,76,1014,285.15,285.15,285.15,50,3.09
13-01-2022 00:40,76,1014,285.15,285.15,285.15,50,3.09
13-01-2022 00:40,76,1014,285.15,285.15,285.15,50,3.09
13-01-2022 01:00,76,1014,285.15,285.15,285.15,40,3.09
13-01-2022 01:10,87,1015,284.15,284.15,284.15,50,3.09
13-01-2022 01:20,87,1015,284.15,284.15,284.15,50,3.09
13-01-2022 01:20,87,1015,284.15,284.15,284.15,50,3.09
13-01-2022 01:40,87,1015,284.15,284.15,284.15,50,3.09
13-01-2022 01:40,87,1015,284.15,284.15,284.15,50,3.09
13-01-2022 02:00,93,1015,283.15,283.15,283.15,50,4.12
13-01-2022 02:10,93,1015,283.15,283.15,283.15,50,4.12
13-01-2022 02:10,93,1015,283.15,283.15,283.15,50,4.12
13-01-2022 02:28,93,1015,283.15,283.15,283.15,40,4.12
13-01-2022 02:40,93,1015,283.15,283.15,283.15,40,4.12
13-01-2022 02:40,93,1015,283.15,283.15,283.15,40,4.12
13-01-2022 03:00,87,1015,284.15,284.15,284.15,20,4.12
13-01-2022 03:10,87,1015,284.15,284.15,284.15,20,4.12
13-01-2022 03:10,87,1015,284.15,284.15,284.15,20,4.12
13-01-2022 03:26,82,1016,285.15,285.15,285.15,50,3.09
13-01-2022 03:40,82,1016,285.15,285.15,285.15,50,3.09
13-01-2022 03:40,82,1016,285.15,285.15,285.15,50,3.09
13-01-2022 03:58,71,1016,286.15,286.15,286.15,50,3.09
13-01-2022 04:10,63,1017,288.15,288.15,288.15,50,2.57
13-01-2022 04:10,63,1017,288.15,288.15,288.15,50,2.57
13-01-2022 04:30,63,1017,288.15,288.15,288.15,50,2.57
13-01-2022 04:40,63,1017,288.15,288.15,288.15,50,2.57
13-01-2022 04:50,51,1017,290.15,290.15,290.15,60,3.09
13-01-2022 05:00,51,1017,290.15,290.15,290.15,60,3.09
13-01-2022 05:10,51,1017,290.15,290.15,290.15,60,3.09
13-01-2022 05:10,51,1017,290.15,290.15,290.15,60,3.09
13-01-2022 05:30,48,1017,291.15,291.15,291.15,50,2.57
13-01-2022 05:40,48,1017,291.15,291.15,291.15,50,2.57
13-01-2022 05:40,48,1017,291.15,291.15,291.15,50,2.57
13-01-2022 06:00,45,1016,292.15,292.15,292.15,50,2.57
13-01-2022 06:10,45,1016,292.15,292.15,292.15,50,2.57
13-01-2022 06:10,45,1016,292.15,292.15,292.15,50,2.57
13-01-2022 06:30,43,1016,294.15,294.15,294.15,50,4.12
13-01-2022 06:40,40,1016,295.15,295.15,295.15,90,2.06
13-01-2022 06:40,40,1016,295.15,295.15,295.15,90,2.06
13-01-2022 06:58,40,1016,295.15,295.15,295.15,90,2.06
13-01-2022 07:10,40,1015,295.15,295.15,295.15,50,3.6
13-01-2022 07:10,40,1015,295.15,295.15,295.15,50,3.6
13-01-2022 07:30,40,1015,295.15,295.15,295.15,50,3.6
13-01-2022 07:38,38,1014,296.15,296.15,296.15,40,4.12
13-01-2022 07:38,38,1014,296.15,296.15,296.15,40,4.12
13-01-2022 08:00,38,1014,296.15,296.15,296.15,40,4.12
13-01-2022 08:10,38,1014,296.15,296.15,296.15,40,4.12
13-01-2022 08:10,38,1014,296.15,296.15,296.15,40,4.12
13-01-2022 08:30,30,1012,298.06,298.06,298.06,35,3.25
13-01-2022 08:40,30,1012,298.06,298.06,298.06,35,3.25
13-01-2022 08:50,38,1013,296.15,296.15,296.15,50,4.63
13-01-2022 08:50,38,1013,296.15,296.15,296.15,50,4.63
13-01-2022 09:10,35,1013,297.15,297.15,297.15,50,3.09
13-01-2022 09:20,35,1013,297.15,297.15,297.15,50,3.09
13-01-2022 09:27,35,1013,297.15,297.15,297.15,50,3.09
13-01-2022 09:27,35,1013,297.15,297.15,297.15,50,3.09
13-01-2022 09:50,35,1012,297.15,297.15,297.15,50,3.09
13-01-2022 09:50,35,1012,297.15,297.15,297.15,50,3.09
13-01-2022 10:10,35,1012,297.15,297.15,297.15,60,4.12
13-01-2022 10:20,35,1012,297.15,297.15,297.15,60,4.12
13-01-2022 10:20,35,1012,297.15,297.15,297.15,60,4.12
13-01-2022 10:35,35,1012,297.15,297.15,297.15,40,3.09
13-01-2022 10:50,35,1012,297.15,297.15,297.15,40,3.09
13-01-2022 11:00,35,1012,297.15,297.15,297.15,40,3.09
13-01-2022 11:10,35,1012,297.15,297.15,297.15,50,4.12
13-01-2022 11:20,35,1012,297.15,297.15,297.15,50,4.12
13-01-2022 11:30,35,1012,297.15,297.15,297.15,50,4.12
13-01-2022 11:40,35,1012,297.15,297.15,297.15,50,4.12
13-01-2022 11:47,38,1012,296.15,296.15,296.15,50,4.12
13-01-2022 11:47,38,1012,296.15,296.15,296.15,50,4.12
13-01-2022 12:10,43,1012,296.15,296.15,296.15,50,3.09
13-01-2022 12:20,43,1012,296.15,296.15,296.15,50,3.09
13-01-2022 12:20,43,1012,296.15,296.15,296.15,50,3.09
13-01-2022 12:40,46,1012,295.15,295.15,295.15,50,2.57
13-01-2022 12:46,46,1012,295.15,295.15,295.15,50,2.57
13-01-2022 12:46,46,1012,295.15,295.15,295.15,50,2.57
13-01-2022 13:10,49,1012,294.15,294.15,294.15,40,2.57
13-01-2022 13:20,49,1012,294.15,294.15,294.15,40,2.57
13-01-2022 13:20,49,1012,294.15,294.15,294.15,40,2.57
13-01-2022 13:40,49,1012,294.15,294.15,294.15,40,2.57
13-01-2022 13:40,49,1012,294.15,294.15,294.15,40,2.57
13-01-2022 14:00,52,1013,293.15,293.15,293.15,40,3.09
13-01-2022 14:10,55,1013,292.15,292.15,292.15,30,3.09
13-01-2022 14:10,55,1013,292.15,292.15,292.15,30,3.09
13-01-2022 14:30,55,1013,292.15,292.15,292.15,30,3.09
13-01-2022 14:30,55,1013,292.15,292.15,292.15,30,3.09
13-01-2022 14:50,59,1013,291.15,291.15,291.15,60,4.12
13-01-2022 15:00,59,1013,291.15,291.15,291.15,60,4.12
13-01-2022 15:00,59,1013,291.15,291.15,291.15,60,4.12
13-01-2022 15:20,59,1013,291.15,291.15,291.15,60,4.12
13-01-2022 15:26,59,1013,291.15,291.15,291.15,60,4.12
13-01-2022 15:26,59,1013,291.15,291.15,291.15,60,4.12
13-01-2022 15:50,59,1014,291.15,291.15,291.15,50,3.09
13-01-2022 16:00,59,1014,291.15,291.15,291.15,50,3.09
13-01-2022 16:00,59,1014,291.15,291.15,291.15,50,3.09
13-01-2022 16:20,59,1014,291.15,291.15,291.15,50,3.09
13-01-2022 16:30,34,1014,290.21,290.21,290.21,17,4.52
13-01-2022 16:40,34,1014,290.21,290.21,290.21,17,4.52
13-01-2022 16:50,34,1014,290.21,290.21,290.21,17,4.52
13-01-2022 16:57,34,1014,290.21,290.21,290.21,17,4.52
13-01-2022 16:57,34,1014,290.21,290.21,290.21,17,4.52
13-01-2022 17:20,34,1014,290.21,290.21,290.21,17,4.52
13-01-2022 17:30,35,1014,289.81,289.81,289.81,18,4.49
13-01-2022 17:40,35,1014,289.81,289.81,289.81,18,4.49
13-01-2022 17:40,35,1014,289.81,289.81,289.81,18,4.49
13-01-2022 18:00,35,1014,289.81,289.81,289.81,18,4.49
13-01-2022 18:00,35,1014,289.81,289.81,289.81,18,4.49
13-01-2022 18:20,35,1014,289.81,289.81,289.81,18,4.49
13-01-2022 18:30,37,1014,289.27,289.27,289.27,20,4.33
13-01-2022 18:30,37,1014,289.27,289.27,289.27,20,4.33
13-01-2022 18:50,37,1014,289.27,289.27,289.27,20,4.33
13-01-2022 19:00,37,1014,289.27,289.27,289.27,20,4.33
13-01-2022 19:00,37,1014,289.27,289.27,289.27,20,4.33
13-01-2022 19:20,37,1014,289.27,289.27,289.27,20,4.33
13-01-2022 19:30,40,1014,288.73,288.73,288.73,22,4.18
13-01-2022 19:40,40,1014,288.73,288.73,288.73,22,4.18
13-01-2022 19:47,40,1014,288.73,288.73,288.73,22,4.18
13-01-2022 19:47,40,1014,288.73,288.73,288.73,22,4.18
13-01-2022 20:10,40,1014,288.73,288.73,288.73,22,4.18
13-01-2022 20:20,40,1014,288.73,288.73,288.73,22,4.18
13-01-2022 20:30,43,1014,288.28,288.28,288.28,25,4.02
13-01-2022 20:40,43,1014,288.28,288.28,288.28,25,4.02
13-01-2022 20:40,43,1014,288.28,288.28,288.28,25,4.02
13-01-2022 21:00,43,1014,288.28,288.28,288.28,25,4.02
13-01-2022 21:10,43,1014,288.28,288.28,288.28,25,4.02
13-01-2022 21:20,43,1014,288.28,288.28,288.28,25,4.02
13-01-2022 21:20,43,1014,288.28,288.28,288.28,25,4.02
13-01-2022 21:40,44,1014,288.16,288.16,288.16,28,4.04
13-01-2022 21:50,44,1014,288.16,288.16,288.16,28,4.04
13-01-2022 22:00,44,1014,288.16,288.16,288.16,28,4.04
13-01-2022 22:10,44,1014,288.16,288.16,288.16,28,4.04
13-01-2022 22:10,44,1014,288.16,288.16,288.16,28,4.04
13-01-2022 22:30,46,1013,287.78,287.78,287.78,27,3.98
13-01-2022 22:40,46,1013,287.78,287.78,287.78,27,3.98
13-01-2022 22:50,46,1013,287.78,287.78,287.78,27,3.98
13-01-2022 23:00,46,1013,287.78,287.78,287.78,27,3.98
13-01-2022 23:10,46,1013,287.78,287.78,287.78,27,3.98
13-01-2022 23:10,46,1013,287.78,287.78,287.78,27,3.98
13-01-2022 23:28,76,1012,285.15,285.15,285.15,4,2.57
13-01-2022 23:40,76,1012,285.15,285.15,285.15,4,2.57
13-01-2022 23:40,76,1012,285.15,285.15,285.15,4,2.57
14-01-2022 00:00,49,1014,287.37,287.37,287.37,35,3.51
14-01-2022 00:10,82,1013,285.15,285.15,285.15,20,3.09
14-01-2022 00:20,82,1013,285.15,285.15,285.15,20,3.09
14-01-2022 00:20,82,1013,285.15,285.15,285.15,20,3.09
14-01-2022 00:40,87,1014,284.15,284.15,284.15,30,3.09
14-01-2022 00:50,87,1014,284.15,284.15,284.15,30,3.09
14-01-2022 00:50,87,1014,284.15,284.15,284.15,30,3.09
14-01-2022 01:10,87,1014,284.15,284.15,284.15,30,3.09
14-01-2022 01:20,87,1014,283.15,283.15,283.15,50,3.09
14-01-2022 01:20,87,1014,283.15,283.15,283.15,50,3.09
14-01-2022 01:40,87,1014,283.15,283.15,283.15,50,3.09
14-01-2022 01:50,87,1014,283.15,283.15,283.15,50,4.12
14-01-2022 02:00,87,1014,283.15,283.15,283.15,50,4.12
14-01-2022 02:10,87,1015,283.15,283.15,283.15,50,4.12
14-01-2022 02:10,87,1015,283.15,283.15,283.15,50,4.12
14-01-2022 02:30,87,1015,283.15,283.15,283.15,50,4.12
14-01-2022 02:40,87,1015,283.15,283.15,283.15,50,4.12
14-01-2022 02:50,87,1016,284.15,284.15,284.15,50,4.12
14-01-2022 03:00,87,1016,284.15,284.15,284.15,50,4.12
14-01-2022 03:10,87,1016,284.15,284.15,284.15,50,4.12
14-01-2022 03:20,76,1016,286.15,286.15,286.15,50,4.63
14-01-2022 03:20,76,1016,286.15,286.15,286.15,50,4.63
14-01-2022 03:40,76,1016,286.15,286.15,286.15,50,4.63
14-01-2022 03:50,72,1016,287.15,287.15,287.15,50,4.63
14-01-2022 03:50,72,1016,287.15,287.15,287.15,50,4.63
14-01-2022 04:10,67,1017,288.15,288.15,288.15,30,4.12
14-01-2022 04:10,67,1017,288.15,288.15,288.15,30,4.12
14-01-2022 04:29,67,1017,288.15,288.15,288.15,30,4.12
14-01-2022 04:40,63,1017,289.15,289.15,289.15,40,4.63
14-01-2022 04:50,63,1017,289.15,289.15,289.15,40,4.63
14-01-2022 05:00,63,1017,289.15,289.15,289.15,40,4.63
14-01-2022 05:00,63,1017,289.15,289.15,289.15,40,4.63
14-01-2022 05:20,55,1017,291.15,291.15,291.15,30,4.12
14-01-2022 05:20,55,1017,291.15,291.15,291.15,30,4.12
14-01-2022 05:40,55,1017,291.15,291.15,291.15,30,4.12
14-01-2022 05:50,52,1017,292.15,292.15,292.15,40,4.12
14-01-2022 05:50,52,1017,292.15,292.15,292.15,40,4.12
14-01-2022 06:08,52,1017,293.15,293.15,293.15,20,4.12
14-01-2022 06:20,52,1017,293.15,293.15,293.15,20,4.12
14-01-2022 06:30,52,1017,293.15,293.15,293.15,20,4.12
14-01-2022 06:40,52,1017,293.15,293.15,293.15,20,4.12
14-01-2022 06:50,52,1016,293.15,293.15,293.15,50,4.12
14-01-2022 07:00,52,1016,293.15,293.15,293.15,50,4.12
14-01-2022 07:00,52,1016,293.15,293.15,293.15,50,4.12
14-01-2022 07:20,52,1016,293.15,293.15,293.15,50,4.12
14-01-2022 07:30,31,1014,298.69,298.69,298.69,45,3.72
14-01-2022 07:30,31,1014,298.69,298.69,298.69,45,3.72
14-01-2022 07:50,40,1015,295.15,295.15,295.15,30,4.12
14-01-2022 07:59,40,1015,295.15,295.15,295.15,30,4.12
14-01-2022 07:59,40,1015,295.15,295.15,295.15,30,4.12
14-01-2022 08:20,40,1014,296.15,296.15,296.15,20,2.57
14-01-2022 08:30,40,1014,296.15,296.15,296.15,20,2.57
14-01-2022 08:30,40,1014,296.15,296.15,296.15,20,2.57
14-01-2022 08:50,43,1014,296.15,296.15,296.15,50,2.57
14-01-2022 09:00,43,1014,296.15,296.15,296.15,50,2.57
14-01-2022 09:00,43,1014,296.15,296.15,296.15,50,2.57
14-01-2022 09:20,43,1013,297.15,297.15,297.15,50,3.09
14-01-2022 09:30,43,1013,297.15,297.15,297.15,50,3.09
14-01-2022 09:30,43,1013,297.15,297.15,297.15,50,3.09
14-01-2022 09:50,43,1013,297.15,297.15,297.15,30,3.09
14-01-2022 10:00,43,1013,297.15,297.15,297.15,30,3.09
14-01-2022 10:10,43,1012,297.15,297.15,297.15,50,2.57
14-01-2022 10:10,43,1012,297.15,297.15,297.15,50,2.57
14-01-2022 10:30,43,1012,297.15,297.15,297.15,50,2.57
14-01-2022 10:40,43,1012,297.15,297.15,297.15,50,2.57
14-01-2022 10:50,43,1012,297.15,297.15,297.15,50,3.09
14-01-2022 11:00,43,1012,297.15,297.15,297.15,50,3.09
14-01-2022 11:00,43,1012,297.15,297.15,297.15,50,3.09
14-01-2022 11:20,43,1012,297.15,297.15,297.15,40,3.09
14-01-2022 11:30,43,1012,297.15,297.15,297.15,40,3.09
14-01-2022 11:30,43,1012,297.15,297.15,297.15,40,3.09
14-01-2022 11:50,46,1012,297.15,297.15,297.15,60,4.12
14-01-2022 12:00,46,1012,297.15,297.15,297.15,60,4.12
14-01-2022 12:00,46,1012,297.15,297.15,297.15,60,4.12
14-01-2022 12:20,49,1012,296.15,296.15,296.15,50,4.12
14-01-2022 12:30,49,1012,296.15,296.15,296.15,50,4.12
14-01-2022 12:30,49,1012,296.15,296.15,296.15,50,4.12
14-01-2022 12:50,49,1012,296.15,296.15,296.15,60,3.09
14-01-2022 13:00,49,1012,296.15,296.15,296.15,60,3.09
14-01-2022 13:00,49,1012,296.15,296.15,296.15,60,3.09
14-01-2022 13:20,53,1013,295.15,295.15,295.15,40,2.57
14-01-2022 13:30,53,1013,295.15,295.15,295.15,40,2.57
14-01-2022 13:30,53,1013,295.15,295.15,295.15,40,2.57
14-01-2022 13:50,56,1013,294.15,294.15,294.15,40,3.09
14-01-2022 14:00,56,1013,294.15,294.15,294.15,40,3.09
14-01-2022 14:09,60,1014,293.15,293.15,293.15,60,2.57
14-01-2022 14:09,60,1014,293.15,293.15,293.15,60,2.57
14-01-2022 14:30,60,1014,293.15,293.15,293.15,60,2.57
14-01-2022 14:40,60,1014,293.15,293.15,293.15,60,2.57
14-01-2022 14:50,60,1014,293.15,293.15,293.15,50,3.09
14-01-2022 15:00,60,1014,293.15,293.15,293.15,50,3.09
14-01-2022 15:00,60,1014,293.15,293.15,293.15,50,3.09
14-01-2022 15:20,63,1014,292.15,292.15,292.15,50,3.09
14-01-2022 15:30,63,1014,292.15,292.15,292.15,50,3.09
14-01-2022 15:40,63,1014,292.15,292.15,292.15,50,3.09
14-01-2022 15:40,63,1014,292.15,292.15,292.15,50,3.09
14-01-2022 16:00,45,1015,291.72,291.72,291.72,14,4.36
14-01-2022 16:10,43,1015,291.44,291.44,291.44,12,4.52
14-01-2022 16:20,43,1015,291.44,291.44,291.44,12,4.52
14-01-2022 16:20,43,1015,291.44,291.44,291.44,12,4.52
14-01-2022 16:40,43,1015,291.08,291.08,291.08,14,4.07
14-01-2022 16:50,43,1015,291.08,291.08,291.08,14,4.07
14-01-2022 17:00,40,1015,290.78,290.78,290.78,13,4.3
14-01-2022 17:10,43,1015,291.08,291.08,291.08,14,4.07
14-01-2022 17:10,43,1015,291.08,291.08,291.08,14,4.07
14-01-2022 17:30,40,1015,290.59,290.59,290.59,22,4.17
14-01-2022 17:40,40,1015,290.59,290.59,290.59,22,4.17
14-01-2022 17:40,40,1015,290.59,290.59,290.59,22,4.17
14-01-2022 18:00,40,1015,290.59,290.59,290.59,22,4.17
14-01-2022 18:10,45,1015,290.05,290.05,290.05,20,4
14-01-2022 18:10,45,1015,290.05,290.05,290.05,20,4
14-01-2022 18:30,38,1015,290.06,290.06,290.06,27,4.39
14-01-2022 18:40,38,1015,290.06,290.06,290.06,27,4.39
14-01-2022 18:40,38,1015,290.06,290.06,290.06,27,4.39
14-01-2022 19:00,38,1015,290.06,290.06,290.06,27,4.39
14-01-2022 19:10,38,1015,290.06,290.06,290.06,27,4.39
14-01-2022 19:10,38,1015,290.06,290.06,290.06,27,4.39
14-01-2022 19:30,43,1015,289.52,289.52,289.52,33,4.63
14-01-2022 19:40,43,1015,289.52,289.52,289.52,33,4.63
14-01-2022 19:40,43,1015,289.52,289.52,289.52,33,4.63
14-01-2022 20:00,43,1015,289.09,289.09,289.09,29,4.09
14-01-2022 20:10,43,1015,289.09,289.09,289.09,29,4.09
14-01-2022 20:20,43,1015,289.52,289.52,289.52,33,4.63
14-01-2022 20:20,43,1015,289.52,289.52,289.52,33,4.63
14-01-2022 20:35,50,1015,288.53,288.53,288.53,37,4.15
14-01-2022 20:50,50,1015,288.53,288.53,288.53,37,4.15
14-01-2022 21:00,50,1015,288.53,288.53,288.53,37,4.15
14-01-2022 21:10,48,1014,289.06,289.06,289.06,46,4.14
14-01-2022 21:20,48,1014,289.06,289.06,289.06,46,4.14
14-01-2022 21:30,52,1014,288.59,288.59,288.59,40,4.07
14-01-2022 21:40,54,1014,288.18,288.18,288.18,41,3.93
14-01-2022 21:47,54,1014,288.18,288.18,288.18,41,3.93
14-01-2022 21:47,54,1014,288.18,288.18,288.18,41,3.93
14-01-2022 22:10,54,1014,288.18,288.18,288.18,41,3.93
14-01-2022 22:18,54,1014,288.18,288.18,288.18,41,3.93
14-01-2022 22:30,55,1014,287.83,287.83,287.83,37,4.05
14-01-2022 22:40,55,1014,287.83,287.83,287.83,37,4.05
14-01-2022 22:50,55,1014,287.83,287.83,287.83,37,4.05
14-01-2022 23:00,55,1014,287.83,287.83,287.83,37,4.05
14-01-2022 23:10,55,1014,287.83,287.83,287.83,37,4.05
14-01-2022 23:10,55,1014,287.83,287.83,287.83,37,4.05
14-01-2022 23:30,88,1014,287.15,287.15,287.15,50,2.06
14-01-2022 23:40,88,1014,287.15,287.15,287.15,50,2.06
14-01-2022 23:40,88,1014,287.15,287.15,287.15,50,2.06
15-01-2022 00:00,57,1015,287.28,287.28,287.28,34,3.98
15-01-2022 00:10,57,1015,287.28,287.28,287.28,34,3.98
15-01-2022 00:10,57,1015,287.28,287.28,287.28,34,3.98
15-01-2022 00:30,82,1014,287.15,287.15,287.15,50,3.09
15-01-2022 00:40,82,1014,287.15,287.15,287.15,50,3.09
15-01-2022 00:40,82,1014,287.15,287.15,287.15,50,3.09
15-01-2022 01:00,82,1015,286.15,286.15,286.15,60,4.12
15-01-2022 01:10,82,1015,286.15,286.15,286.15,50,3.09
15-01-2022 01:20,82,1015,286.15,286.15,286.15,50,3.09
15-01-2022 01:30,82,1015,286.15,286.15,286.15,50,3.09
15-01-2022 01:40,82,1015,286.15,286.15,286.15,50,3.09
15-01-2022 01:50,87,1016,285.15,285.15,285.15,50,4.12
15-01-2022 02:00,87,1016,285.15,285.15,285.15,50,4.12
15-01-2022 02:00,87,1016,285.15,285.15,285.15,50,4.12
15-01-2022 02:20,87,1016,285.15,285.15,285.15,30,3.09
15-01-2022 02:30,87,1016,285.15,285.15,285.15,30,3.09
15-01-2022 02:30,87,1016,285.15,285.15,285.15,30,3.09
15-01-2022 02:50,87,1016,285.15,285.15,285.15,40,2.57
15-01-2022 03:00,87,1016,285.15,285.15,285.15,40,2.57
15-01-2022 03:10,87,1016,285.15,285.15,285.15,40,2.57
15-01-2022 03:20,82,1017,286.15,286.15,286.15,50,2.06
15-01-2022 03:30,82,1017,286.15,286.15,286.15,50,2.06
15-01-2022 03:30,82,1017,286.15,286.15,286.15,50,2.06
15-01-2022 03:50,77,1017,287.15,287.15,287.15,30,2.06
15-01-2022 04:00,77,1017,287.15,287.15,287.15,30,2.06
15-01-2022 04:00,77,1017,287.15,287.15,287.15,30,2.06
15-01-2022 04:20,63,1017,289.15,289.15,289.15,30,2.06
15-01-2022 04:30,63,1017,289.15,289.15,289.15,30,2.06
15-01-2022 04:40,63,1017,289.15,289.15,289.15,30,2.06
15-01-2022 04:50,59,1017,290.15,290.15,290.15,30,2.06
15-01-2022 04:50,59,1017,290.15,290.15,290.15,30,2.06
15-01-2022 05:10,59,1017,290.15,290.15,290.15,30,2.06
15-01-2022 05:20,55,1017,291.15,291.15,291.15,50,1.54
15-01-2022 05:30,55,1017,291.15,291.15,291.15,50,1.54
15-01-2022 05:30,55,1017,291.15,291.15,291.15,50,1.54
15-01-2022 05:45,49,1017,293.15,293.15,293.15,90,3.09
15-01-2022 05:45,49,1017,293.15,293.15,293.15,90,3.09
15-01-2022 06:09,43,1017,295.15,295.15,295.15,70,2.06
15-01-2022 06:20,43,1017,295.15,295.15,295.15,70,2.06
15-01-2022 06:20,43,1017,295.15,295.15,295.15,70,2.06
15-01-2022 06:35,43,1017,295.15,295.15,295.15,70,2.06
15-01-2022 06:50,43,1016,296.15,296.15,296.15,90,2.06
15-01-2022 06:50,43,1016,296.15,296.15,296.15,90,2.06
15-01-2022 07:10,41,1015,297.15,297.15,297.15,100,2.57
15-01-2022 07:18,41,1015,297.15,297.15,297.15,100,2.57
15-01-2022 07:18,41,1015,297.15,297.15,297.15,100,2.57
15-01-2022 07:40,41,1015,297.15,297.15,297.15,100,2.57
15-01-2022 07:50,41,1015,298.15,298.15,298.15,110,2.06
15-01-2022 08:00,41,1015,298.15,298.15,298.15,110,2.06
15-01-2022 08:00,41,1015,298.15,298.15,298.15,110,2.06
15-01-2022 08:20,38,1015,299.15,299.15,299.15,40,2.06
15-01-2022 08:20,38,1015,299.15,299.15,299.15,40,2.06
15-01-2022 08:40,38,1015,299.15,299.15,299.15,40,1.54
15-01-2022 08:47,38,1015,299.15,299.15,299.15,40,1.54
15-01-2022 09:00,38,1015,299.15,299.15,299.15,40,1.54
15-01-2022 09:00,38,1015,299.15,299.15,299.15,40,1.54
15-01-2022 09:20,41,1014,299.15,299.15,299.15,50,1.54
15-01-2022 09:30,41,1014,299.15,299.15,299.15,50,1.54
15-01-2022 09:40,41,1014,299.15,299.15,299.15,50,1.54
15-01-2022 09:40,41,1014,299.15,299.15,299.15,50,1.54
15-01-2022 09:58,41,1013,299.15,299.15,299.15,20,2.06
15-01-2022 09:58,41,1013,299.15,299.15,299.15,20,2.06
15-01-2022 10:20,41,1013,299.15,299.15,299.15,10,2.06
15-01-2022 10:30,41,1013,299.15,299.15,299.15,10,2.06
15-01-2022 10:30,41,1013,299.15,299.15,299.15,10,2.06
15-01-2022 10:50,41,1013,299.15,299.15,299.15,60,2.57
15-01-2022 10:57,41,1013,299.16,299.16,299.16,60,2.57
15-01-2022 11:10,41,1013,299.15,299.15,299.15,50,2.06
15-01-2022 11:10,41,1013,299.15,299.15,299.15,50,2.06
15-01-2022 11:30,41,1013,299.15,299.15,299.15,50,2.06
15-01-2022 11:30,41,1013,299.15,299.15,299.15,50,2.06
15-01-2022 11:50,44,1013,299.15,299.15,299.15,60,2.57
15-01-2022 12:00,44,1013,299.15,299.15,299.15,60,2.57
15-01-2022 12:05,44,1013,299.15,299.15,299.15,60,2.57
15-01-2022 12:05,44,1013,299.15,299.15,299.15,60,2.57
15-01-2022 12:30,47,1013,298.15,298.15,298.15,50,2.06
15-01-2022 12:40,47,1013,298.15,298.15,298.15,50,2.06
15-01-2022 12:40,47,1013,298.15,298.15,298.15,50,2.06
15-01-2022 13:00,50,1014,297.15,297.15,297.15,60,2.06
15-01-2022 13:10,53,1014,296.15,296.15,296.15,40,3.09
15-01-2022 13:10,53,1014,296.15,296.15,296.15,40,3.09
15-01-2022 13:30,53,1014,296.15,296.15,296.15,40,3.09
15-01-2022 13:40,53,1014,296.15,296.15,296.15,40,3.09
15-01-2022 13:40,53,1014,296.15,296.15,296.15,40,3.09
15-01-2022 14:00,56,1014,295.15,295.15,295.15,50,3.09
15-01-2022 14:10,60,1015,294.15,294.15,294.15,40,3.09
15-01-2022 14:20,60,1015,294.15,294.15,294.15,40,3.09
15-01-2022 14:30,60,1015,294.15,294.15,294.15,40,3.09
15-01-2022 14:40,60,1015,294.15,294.15,294.15,40,3.09
15-01-2022 14:40,60,1015,294.15,294.15,294.15,40,3.09
15-01-2022 14:59,60,1015,294.15,294.15,294.15,50,4.12
15-01-2022 15:10,64,1015,293.15,293.15,293.15,50,3.09
15-01-2022 15:10,64,1015,293.15,293.15,293.15,50,3.09
15-01-2022 15:29,64,1015,293.15,293.15,293.15,50,3.09
15-01-2022 15:40,64,1015,293.15,293.15,293.15,50,3.09
15-01-2022 15:50,64,1015,293.15,293.15,293.15,50,3.09
15-01-2022 16:00,38,1016,291.75,291.75,291.75,24,4.49
15-01-2022 16:10,38,1016,291.75,291.75,291.75,24,4.49
15-01-2022 16:10,38,1016,291.75,291.75,291.75,24,4.49
15-01-2022 16:30,38,1016,291.2,291.2,291.2,23,4.79
15-01-2022 16:40,40,1016,291.03,291.03,291.03,23,4.65
15-01-2022 16:40,40,1016,291.03,291.03,291.03,23,4.65
15-01-2022 17:00,40,1016,291.03,291.03,291.03,23,4.65
15-01-2022 17:10,40,1016,291.03,291.03,291.03,23,4.65
15-01-2022 17:10,40,1016,291.03,291.03,291.03,23,4.65
15-01-2022 17:30,40,1016,290.51,290.51,290.51,22,4.92
15-01-2022 17:40,38,1016,290.69,290.69,290.69,22,4.77
15-01-2022 17:50,40,1016,290.51,290.51,290.51,22,4.92
15-01-2022 18:00,38,1016,290.69,290.69,290.69,22,4.77
15-01-2022 18:10,38,1016,290.69,290.69,290.69,22,4.77
15-01-2022 18:10,38,1016,290.69,290.69,290.69,22,4.77
15-01-2022 18:30,47,1016,289.89,289.89,289.89,38,4.09
15-01-2022 18:40,43,1015,289.79,289.79,289.79,32,4.17
15-01-2022 18:50,47,1016,289.89,289.89,289.89,38,4.09
15-01-2022 18:50,47,1016,289.89,289.89,289.89,38,4.09
15-01-2022 19:10,47,1016,289.89,289.89,289.89,38,4.09
15-01-2022 19:20,43,1015,289.79,289.79,289.79,32,4.17
15-01-2022 19:20,43,1015,289.79,289.79,289.79,32,4.17
15-01-2022 19:40,52,1016,289.54,289.54,289.54,44,3.98
15-01-2022 19:50,48,1015,289.54,289.54,289.54,49,4.03
15-01-2022 19:50,48,1015,289.54,289.54,289.54,49,4.03
15-01-2022 20:10,48,1015,289.54,289.54,289.54,49,4.03
15-01-2022 20:20,48,1015,289.54,289.54,289.54,49,4.03
15-01-2022 20:20,48,1015,289.54,289.54,289.54,49,4.03
15-01-2022 20:40,56,1016,289.16,289.16,289.16,41,3.63
15-01-2022 20:50,52,1015,289.23,289.23,289.23,46,3.79
15-01-2022 20:50,52,1015,289.23,289.23,289.23,46,3.79
15-01-2022 21:10,52,1015,289.23,289.23,289.23,46,3.79
15-01-2022 21:20,52,1015,289.23,289.23,289.23,46,3.79
15-01-2022 21:20,52,1015,289.23,289.23,289.23,46,3.79
15-01-2022 21:40,59,1015,288.77,288.77,288.77,52,3.6
15-01-2022 21:50,59,1015,288.77,288.77,288.77,52,3.6
15-01-2022 21:50,59,1015,288.77,288.77,288.77,52,3.6
15-01-2022 22:10,59,1015,288.77,288.77,288.77,52,3.6
15-01-2022 22:20,59,1015,288.77,288.77,288.77,52,3.6
15-01-2022 22:20,59,1015,288.77,288.77,288.77,52,3.6
15-01-2022 22:40,61,1015,288.58,288.58,288.58,58,3.76
15-01-2022 22:50,61,1015,288.58,288.58,288.58,58,3.76
15-01-2022 22:50,61,1015,288.58,288.58,288.58,58,3.76
15-01-2022 23:10,61,1015,288.58,288.58,288.58,58,3.76
15-01-2022 23:20,61,1015,288.58,288.58,288.58,58,3.76
15-01-2022 23:20,61,1015,288.58,288.58,288.58,58,3.76
15-01-2022 23:40,62,1015,288.37,288.37,288.37,51,4.04
15-01-2022 23:50,62,1015,288.37,288.37,288.37,51,4.04
16-01-2022 00:00,64,1015,288.28,288.28,288.28,53,3.98
16-01-2022 00:10,64,1015,288.28,288.28,288.28,53,3.98
16-01-2022 00:20,82,1015,288.15,288.15,288.15,50,3.09
16-01-2022 00:20,82,1015,288.15,288.15,288.15,50,3.09
16-01-2022 00:40,88,1015,287.15,287.15,287.15,50,2.57
16-01-2022 00:50,88,1015,287.15,287.15,287.15,50,2.57
16-01-2022 01:00,88,1015,287.15,287.15,287.15,50,2.57
16-01-2022 01:10,88,1015,287.15,287.15,287.15,50,2.57
16-01-2022 01:20,88,1015,287.15,287.15,287.15,60,3.09
16-01-2022 01:30,88,1015,287.15,287.15,287.15,60,3.09
16-01-2022 01:30,88,1015,287.15,287.15,287.15,60,3.09
16-01-2022 01:50,94,1016,286.15,286.15,286.15,60,3.09
16-01-2022 02:00,94,1016,286.15,286.15,286.15,60,3.09
16-01-2022 02:10,94,1016,286.15,286.15,286.15,30,2.06
16-01-2022 02:20,94,1016,286.15,286.15,286.15,30,2.06
16-01-2022 02:20,94,1016,286.15,286.15,286.15,30,2.06
16-01-2022 02:40,94,1016,286.15,286.15,286.15,30,2.06
16-01-2022 02:50,94,1017,286.15,286.15,286.15,60,2.57
16-01-2022 02:50,94,1017,286.15,286.15,286.15,60,2.57
16-01-2022 03:10,94,1017,286.15,286.15,286.15,60,2.57
16-01-2022 03:20,82,1017,287.15,287.15,287.15,50,3.09
16-01-2022 03:20,82,1017,287.15,287.15,287.15,50,3.09
16-01-2022 03:40,82,1017,287.15,287.15,287.15,50,3.09
16-01-2022 03:50,77,1018,288.15,288.15,288.15,50,1.54
16-01-2022 03:50,77,1018,288.15,288.15,288.15,50,1.54
16-01-2022 04:10,67,1018,290.15,290.15,290.15,50,2.06
16-01-2022 04:20,67,1018,290.15,290.15,290.15,50,2.06
16-01-2022 04:30,67,1018,290.15,290.15,290.15,50,2.06
16-01-2022 04:30,67,1018,290.15,290.15,290.15,50,2.06
16-01-2022 04:50,63,1018,291.15,291.15,291.15,60,2.06
16-01-2022 05:00,63,1018,291.15,291.15,291.15,60,2.06
16-01-2022 05:00,63,1018,291.15,291.15,291.15,60,2.06
16-01-2022 05:20,56,1018,293.15,293.15,293.15,40,2.57
16-01-2022 05:30,56,1018,293.15,293.15,293.15,40,2.57
16-01-2022 05:30,56,1018,293.15,293.15,293.15,40,2.57
16-01-2022 05:50,52,1018,294.15,294.15,294.15,50,2.06
16-01-2022 06:00,52,1018,294.15,294.15,294.15,50,2.06
16-01-2022 06:10,52,1018,294.15,294.15,294.15,50,2.06
16-01-2022 06:20,46,1018,296.15,296.15,296.15,50,2.06
16-01-2022 06:29,46,1018,296.15,296.15,296.15,50,2.06
16-01-2022 06:29,46,1018,296.15,296.15,296.15,50,2.06
16-01-2022 06:50,43,1018,297.15,297.15,297.15,60,2.57
16-01-2022 06:59,43,1018,297.15,297.15,297.15,60,2.57
16-01-2022 06:59,43,1018,297.15,297.15,297.15,60,2.57
16-01-2022 07:20,41,1017,298.15,298.15,298.15,60,3.6
16-01-2022 07:30,41,1017,298.15,298.15,298.15,60,3.6
16-01-2022 07:30,41,1017,298.15,298.15,298.15,60,3.6
16-01-2022 07:50,41,1017,298.15,298.15,298.15,60,3.6
16-01-2022 08:00,32,1015,300.74,300.74,300.74,64,3.38
16-01-2022 08:00,32,1015,300.74,300.74,300.74,64,3.38
16-01-2022 08:19,32,1015,300.74,300.74,300.74,64,3.38
16-01-2022 08:30,41,1016,299.15,299.15,299.15,50,1.54
16-01-2022 08:40,41,1016,299.15,299.15,299.15,50,1.54
16-01-2022 08:50,41,1015,300.15,300.15,300.15,140,1.54
16-01-2022 09:00,41,1015,300.15,300.15,300.15,140,1.54
16-01-2022 09:00,41,1015,300.15,300.15,300.15,140,1.54
16-01-2022 09:20,44,1015,300.15,300.15,300.15,0,0
16-01-2022 09:30,44,1015,300.15,300.15,300.15,0,0
16-01-2022 09:30,44,1015,300.15,300.15,300.15,0,0
16-01-2022 09:50,44,1014,300.15,300.15,300.15,160,1.54
16-01-2022 10:00,44,1014,300.15,300.15,300.15,160,1.54
16-01-2022 10:00,44,1014,300.15,300.15,300.15,160,1.54
16-01-2022 10:20,44,1014,300.15,300.15,300.15,90,1.54
16-01-2022 10:30,44,1014,300.15,300.15,300.15,90,1.54
16-01-2022 10:39,44,1014,300.15,300.15,300.15,90,1.54
16-01-2022 10:39,44,1014,300.15,300.15,300.15,90,1.54
16-01-2022 11:00,44,1014,300.15,300.15,300.15,70,1.54
16-01-2022 11:00,44,1014,300.15,300.15,300.15,70,1.54
16-01-2022 11:20,44,1014,300.15,300.15,300.15,50,1.54
16-01-2022 11:30,44,1014,300.15,300.15,300.15,50,1.54
16-01-2022 11:30,44,1014,300.15,300.15,300.15,50,1.54
16-01-2022 11:50,47,1014,299.15,299.15,299.15,0,0
16-01-2022 12:00,47,1014,299.15,299.15,299.15,0,0
16-01-2022 12:00,47,1014,299.15,299.15,299.15,0,0
16-01-2022 12:16,44,1014,299.15,299.15,299.15,360,3.09
16-01-2022 12:30,44,1014,299.15,299.15,299.15,360,3.09
16-01-2022 12:30,44,1014,299.15,299.15,299.15,360,3.09
16-01-2022 12:50,47,1014,298.15,298.15,298.15,20,2.57
16-01-2022 13:00,47,1014,298.15,298.15,298.15,20,2.57
16-01-2022 13:00,47,1014,298.15,298.15,298.15,20,2.57
16-01-2022 13:20,50,1014,297.15,297.15,297.15,60,3.09
16-01-2022 13:30,50,1014,297.15,297.15,297.15,60,3.09
16-01-2022 13:30,50,1014,297.15,297.15,297.15,60,3.09
16-01-2022 13:50,49,1015,296.15,296.15,296.15,50,2.06
16-01-2022 14:00,49,1015,296.15,296.15,296.15,50,2.06
16-01-2022 14:10,49,1015,296.15,296.15,296.15,50,2.06
16-01-2022 14:20,56,1015,295.15,295.15,295.15,60,4.12
16-01-2022 14:30,56,1015,295.15,295.15,295.15,60,4.12
16-01-2022 14:30,56,1015,295.15,295.15,295.15,60,4.12
16-01-2022 14:50,56,1016,295.15,295.15,295.15,60,3.09
16-01-2022 15:00,56,1016,295.15,295.15,295.15,60,3.09
16-01-2022 15:00,56,1016,295.15,295.15,295.15,60,3.09
16-01-2022 15:20,60,1016,294.15,294.15,294.15,50,4.12
16-01-2022 15:30,60,1016,294.15,294.15,294.15,50,4.12
16-01-2022 15:40,60,1016,294.15,294.15,294.15,50,4.12
16-01-2022 15:50,60,1017,294.15,294.15,294.15,60,3.09
16-01-2022 16:00,60,1017,294.15,294.15,294.15,60,3.09
16-01-2022 16:10,60,1017,294.15,294.15,294.15,60,3.09
16-01-2022 16:10,60,1017,294.15,294.15,294.15,60,3.09
16-01-2022 16:30,42,1016,292.72,292.72,292.72,32,4.38
16-01-2022 16:40,42,1016,292.72,292.72,292.72,32,4.38
16-01-2022 16:40,42,1016,292.72,292.72,292.72,32,4.38
16-01-2022 17:00,43,1017,292.6,292.6,292.6,30,4.24
16-01-2022 17:10,43,1017,292.6,292.6,292.6,30,4.24
16-01-2022 17:18,42,1016,292.72,292.72,292.72,32,4.38
16-01-2022 17:30,45,1016,292.05,292.05,292.05,34,4.04
16-01-2022 17:40,45,1016,292.05,292.05,292.05,34,4.04
16-01-2022 17:40,45,1016,292.05,292.05,292.05,34,4.04
16-01-2022 18:00,43,1016,292.16,292.16,292.16,33,4.01
16-01-2022 18:10,43,1016,292.16,292.16,292.16,33,4.01
16-01-2022 18:20,49,1017,291.98,291.98,291.98,42,3.57
16-01-2022 18:20,49,1017,291.98,291.98,291.98,42,3.57
16-01-2022 18:40,51,1016,291.58,291.58,291.58,42,3.4
16-01-2022 18:50,51,1016,291.58,291.58,291.58,42,3.4
16-01-2022 19:00,45,1016,291.68,291.68,291.68,37,3.84
16-01-2022 19:10,45,1016,291.68,291.68,291.68,37,3.84
16-01-2022 19:10,45,1016,291.68,291.68,291.68,37,3.84
16-01-2022 19:30,45,1015,291.38,291.38,291.38,31,3.65
16-01-2022 19:40,45,1015,291.38,291.38,291.38,31,3.65
16-01-2022 19:40,45,1015,291.38,291.38,291.38,31,3.65
16-01-2022 20:00,45,1015,291.38,291.38,291.38,31,3.65
16-01-2022 20:10,52,1016,291.32,291.32,291.32,38,3.42
16-01-2022 20:10,52,1016,291.32,291.32,291.32,38,3.42
16-01-2022 20:30,54,1016,291.05,291.05,291.05,46,3.33
16-01-2022 20:40,54,1016,291.05,291.05,291.05,46,3.33
16-01-2022 20:50,47,1015,291.03,291.03,291.03,36,3.48
16-01-2022 21:00,54,1016,291.05,291.05,291.05,46,3.33
16-01-2022 21:10,54,1016,291.05,291.05,291.05,46,3.33
16-01-2022 21:20,54,1016,291.05,291.05,291.05,46,3.33
16-01-2022 21:30,56,1016,290.82,290.82,290.82,58,3.21
16-01-2022 21:40,56,1016,290.82,290.82,290.82,58,3.21
16-01-2022 21:50,56,1016,290.82,290.82,290.82,58,3.21
16-01-2022 22:00,56,1016,290.82,290.82,290.82,58,3.21
16-01-2022 22:10,56,1016,290.82,290.82,290.82,58,3.21
16-01-2022 22:20,56,1016,290.82,290.82,290.82,58,3.21
16-01-2022 22:20,56,1016,290.82,290.82,290.82,58,3.21
16-01-2022 22:39,59,1016,290.56,290.56,290.56,54,3.25
16-01-2022 22:50,59,1016,290.56,290.56,290.56,54,3.25
16-01-2022 22:50,59,1016,290.56,290.56,290.56,54,3.25
16-01-2022 23:10,82,1015,289.15,289.15,289.15,40,2.06
16-01-2022 23:10,82,1015,289.15,289.15,289.15,40,2.06
16-01-2022 23:30,82,1015,289.15,289.15,289.15,40,2.06
16-01-2022 23:40,82,1015,289.15,289.15,289.15,40,2.06
16-01-2022 23:40,82,1015,289.15,289.15,289.15,40,2.06
17-01-2022 00:00,64,1016,290,290,290,48,3.21
17-01-2022 00:10,64,1016,290,290,290,48,3.21
17-01-2022 00:10,64,1016,290,290,290,48,3.21
17-01-2022 00:30,94,1016,288.15,288.15,288.15,50,2.06
17-01-2022 00:40,94,1016,288.15,288.15,288.15,50,2.06
17-01-2022 00:50,94,1016,287.15,287.15,287.15,40,2.57
17-01-2022 01:00,94,1016,287.15,287.15,287.15,40,2.57
17-01-2022 01:10,94,1016,287.15,287.15,287.15,40,2.57
17-01-2022 01:10,94,1016,287.15,287.15,287.15,40,2.57
17-01-2022 01:30,94,1017,287.15,287.15,287.15,40,2.57
17-01-2022 01:40,94,1017,287.15,287.15,287.15,40,2.57
17-01-2022 01:40,94,1017,287.15,287.15,287.15,40,2.57
17-01-2022 02:00,100,1017,286.15,286.15,286.15,30,3.09
17-01-2022 02:10,100,1017,286.15,286.15,286.15,30,3.09
17-01-2022 02:10,100,1017,286.15,286.15,286.15,30,3.09
17-01-2022 02:30,100,1017,286.15,286.15,286.15,50,4.12
17-01-2022 02:40,100,1017,286.15,286.15,286.15,50,4.12
17-01-2022 02:40,100,1017,286.15,286.15,286.15,50,4.12
17-01-2022 02:56,94,1018,287.15,287.15,287.15,50,3.09
17-01-2022 03:10,94,1018,287.15,287.15,287.15,50,3.09
17-01-2022 03:20,88,1018,288.15,288.15,288.15,50,3.09
17-01-2022 03:20,88,1018,288.15,288.15,288.15,50,3.09
17-01-2022 03:35,88,1018,288.15,288.15,288.15,50,3.09
17-01-2022 03:35,88,1018,288.15,288.15,288.15,50,3.09
17-01-2022 04:00,82,1019,289.15,289.15,289.15,60,2.06
17-01-2022 04:00,82,1019,289.15,289.15,289.15,60,2.06
17-01-2022 04:20,72,1019,291.15,291.15,291.15,60,2.06
17-01-2022 04:20,72,1019,291.15,291.15,291.15,60,2.06
17-01-2022 04:40,72,1019,291.15,291.15,291.15,60,2.06
17-01-2022 04:40,72,1019,291.15,291.15,291.15,60,2.06
17-01-2022 05:00,68,1019,292.15,292.15,292.15,50,2.06
17-01-2022 05:05,60,1019,294.15,294.15,294.15,50,2.06
17-01-2022 05:20,60,1019,294.15,294.15,294.15,50,2.06
17-01-2022 05:30,60,1019,294.15,294.15,294.15,50,2.06
17-01-2022 05:40,49,1019,296.15,296.15,296.15,70,2.06
17-01-2022 05:50,49,1019,296.15,296.15,296.15,70,2.06
17-01-2022 05:50,49,1019,296.15,296.15,296.15,70,2.06
17-01-2022 06:10,49,1019,296.15,296.15,296.15,70,2.06
17-01-2022 06:20,53,1019,297.15,297.15,297.15,50,1.54
17-01-2022 06:20,53,1019,297.15,297.15,297.15,50,1.54
17-01-2022 06:40,53,1019,297.15,297.15,297.15,50,1.54
17-01-2022 06:50,47,1018,298.15,298.15,298.15,50,2.06
17-01-2022 06:50,47,1018,298.15,298.15,298.15,50,2.06
17-01-2022 07:00,47,1018,298.15,298.15,298.15,50,2.06
17-01-2022 07:20,47,1018,298.15,298.15,298.15,70,1.54
17-01-2022 07:30,47,1018,298.15,298.15,298.15,70,1.54
17-01-2022 07:30,47,1018,298.15,298.15,298.15,70,1.54
17-01-2022 07:50,44,1017,299.15,299.15,299.15,320,1.54
17-01-2022 08:00,44,1017,299.15,299.15,299.15,320,1.54
17-01-2022 08:10,44,1016,299.15,299.15,299.15,50,1.54
17-01-2022 08:20,44,1016,299.15,299.15,299.15,50,1.54
17-01-2022 08:30,44,1016,299.15,299.15,299.15,50,1.54
17-01-2022 08:36,44,1016,299.15,299.15,299.15,50,1.54
17-01-2022 08:50,41,1016,300.15,300.15,300.15,50,1.54
17-01-2022 08:50,41,1016,300.15,300.15,300.15,50,1.54
17-01-2022 09:10,34,1016,301.15,301.15,301.15,50,2.06
17-01-2022 09:20,34,1016,301.15,301.15,301.15,50,2.06
17-01-2022 09:20,34,1016,301.15,301.15,301.15,50,2.06
17-01-2022 09:40,34,1016,301.15,301.15,301.15,50,2.06
17-01-2022 09:50,36,1015,301.15,301.15,301.15,30,1.54
17-01-2022 09:50,36,1015,301.15,301.15,301.15,30,1.54
17-01-2022 10:10,37,1015,302.15,302.15,302.15,30,2.06
17-01-2022 10:20,37,1015,302.15,302.15,302.15,30,2.06
17-01-2022 10:30,37,1015,302.15,302.15,302.15,30,2.06
17-01-2022 10:40,37,1015,302.15,302.15,302.15,30,2.06
17-01-2022 10:50,37,1015,302.15,302.15,302.15,320,2.06
17-01-2022 10:57,37,1015,302.15,302.15,302.15,320,2.06
17-01-2022 10:57,37,1015,302.15,302.15,302.15,320,2.06
17-01-2022 11:20,39,1015,301.15,301.15,301.15,340,2.06
17-01-2022 11:20,39,1015,301.15,301.15,301.15,340,2.06
17-01-2022 11:40,39,1015,301.15,301.15,301.15,340,2.06
17-01-2022 11:49,41,1015,300.15,300.15,300.15,340,2.06
17-01-2022 11:58,41,1015,300.15,300.15,300.15,340,2.06
17-01-2022 12:07,47,1015,300.15,300.15,300.15,340,2.57
17-01-2022 12:20,47,1015,300.15,300.15,300.15,340,2.57
17-01-2022 12:20,47,1015,300.15,300.15,300.15,340,2.57
17-01-2022 12:40,47,1015,300.15,300.15,300.15,340,2.57
17-01-2022 12:50,50,1016,299.15,299.15,299.15,10,1.54
17-01-2022 13:00,50,1016,299.15,299.15,299.15,10,1.54
17-01-2022 13:10,53,1016,298.15,298.15,298.15,350,1.54
17-01-2022 13:18,53,1016,298.15,298.15,298.15,350,1.54
17-01-2022 13:30,53,1016,298.15,298.15,298.15,350,1.54
17-01-2022 13:40,53,1016,298.15,298.15,298.15,350,1.54
17-01-2022 13:49,57,1016,297.15,297.15,297.15,350,2.06
17-01-2022 13:49,57,1016,297.15,297.15,297.15,350,2.06
17-01-2022 14:10,60,1017,296.15,296.15,296.15,60,2.06
17-01-2022 14:20,60,1017,296.15,296.15,296.15,60,2.06
17-01-2022 14:30,60,1017,296.15,296.15,296.15,60,2.06
17-01-2022 14:40,60,1017,296.15,296.15,296.15,60,2.06
17-01-2022 14:50,60,1017,295.15,295.15,295.15,30,2.06
17-01-2022 14:59,60,1017,295.15,295.15,295.15,30,2.06
17-01-2022 14:59,60,1017,295.15,295.15,295.15,30,2.06
17-01-2022 15:20,64,1018,295.15,295.15,295.15,20,2.57
17-01-2022 15:30,64,1018,295.15,295.15,295.15,20,2.57
17-01-2022 15:40,64,1018,295.15,295.15,295.15,20,2.57
17-01-2022 15:50,64,1018,295.15,295.15,295.15,20,2.57
17-01-2022 16:00,68,1018,294.15,294.15,294.15,60,2.57
17-01-2022 16:10,68,1018,294.15,294.15,294.15,60,2.57
17-01-2022 16:20,68,1018,294.15,294.15,294.15,50,2.57
17-01-2022 16:30,68,1018,294.15,294.15,294.15,50,2.57
17-01-2022 16:40,68,1018,294.15,294.15,294.15,50,2.57
17-01-2022 16:40,68,1018,294.15,294.15,294.15,50,2.57
17-01-2022 17:00,47,1018,294.34,294.34,294.34,17,3.21
17-01-2022 17:00,47,1018,294.34,294.34,294.34,17,3.21
17-01-2022 17:20,47,1018,294.34,294.34,294.34,17,3.21
17-01-2022 17:29,47,1018,294.34,294.34,294.34,17,3.21
17-01-2022 17:29,47,1018,294.34,294.34,294.34,17,3.21
17-01-2022 17:50,47,1018,293.78,293.78,293.78,19,2.9
17-01-2022 18:00,47,1018,293.78,293.78,293.78,19,2.9
17-01-2022 18:00,47,1018,293.78,293.78,293.78,19,2.9
17-01-2022 18:20,47,1018,293.78,293.78,293.78,19,2.9
17-01-2022 18:30,49,1017,293.08,293.08,293.08,7,3.05
17-01-2022 18:30,49,1017,293.08,293.08,293.08,7,3.05
17-01-2022 18:50,49,1017,293.08,293.08,293.08,7,3.05
17-01-2022 19:00,49,1017,293.08,293.08,293.08,7,3.05
17-01-2022 19:10,49,1017,293.08,293.08,293.08,7,3.05
17-01-2022 19:10,49,1017,293.08,293.08,293.08,7,3.05
17-01-2022 19:30,50,1017,292.37,292.37,292.37,6,2.87
17-01-2022 19:40,50,1017,292.37,292.37,292.37,6,2.87
17-01-2022 19:50,50,1017,292.37,292.37,292.37,6,2.87
17-01-2022 20:00,50,1017,292.37,292.37,292.37,6,2.87
17-01-2022 20:10,50,1017,292.37,292.37,292.37,6,2.87
17-01-2022 20:10,50,1017,292.37,292.37,292.37,6,2.87
17-01-2022 20:30,51,1016,291.78,291.78,291.78,9,3.06
17-01-2022 20:40,51,1016,291.78,291.78,291.78,9,3.06
17-01-2022 20:40,51,1016,291.78,291.78,291.78,9,3.06
17-01-2022 21:00,51,1016,291.78,291.78,291.78,9,3.06
17-01-2022 21:10,51,1016,291.78,291.78,291.78,9,3.06
17-01-2022 21:10,51,1016,291.78,291.78,291.78,9,3.06
17-01-2022 21:30,51,1016,291.32,291.32,291.32,18,3.06
17-01-2022 21:40,51,1016,291.32,291.32,291.32,18,3.06
17-01-2022 21:40,51,1016,291.32,291.32,291.32,18,3.06
17-01-2022 22:00,51,1016,291.32,291.32,291.32,18,3.06
17-01-2022 22:10,51,1016,291.32,291.32,291.32,18,3.06
17-01-2022 22:10,51,1016,291.32,291.32,291.32,18,3.06
17-01-2022 22:30,52,1016,290.97,290.97,290.97,21,3.07
17-01-2022 22:40,52,1016,290.97,290.97,290.97,21,3.07
17-01-2022 22:40,52,1016,290.97,290.97,290.97,21,3.07
17-01-2022 23:00,52,1016,290.97,290.97,290.97,21,3.07
17-01-2022 23:10,82,1017,289.15,289.15,289.15,30,1.54
17-01-2022 23:20,82,1017,289.15,289.15,289.15,30,1.54
17-01-2022 23:20,82,1017,289.15,289.15,289.15,30,1.54
17-01-2022 23:40,82,1017,289.15,289.15,289.15,30,1.54
17-01-2022 23:50,82,1017,289.15,289.15,289.15,30,1.54
17-01-2022 23:50,82,1017,289.15,289.15,289.15,30,1.54
18-01-2022 00:10,57,1016,290.33,290.33,290.33,20,2.84
18-01-2022 00:20,94,1017,288.15,288.15,288.15,50,2.06
18-01-2022 00:30,94,1017,288.15,288.15,288.15,50,2.06
18-01-2022 00:40,94,1017,288.15,288.15,288.15,50,2.06
18-01-2022 00:50,94,1017,288.15,288.15,288.15,50,2.57
18-01-2022 01:00,94,1017,288.15,288.15,288.15,50,2.57
18-01-2022 01:10,94,1017,288.15,288.15,288.15,50,2.57
18-01-2022 01:20,94,1017,287.15,287.15,287.15,40,2.06
18-01-2022 01:30,94,1017,287.15,287.15,287.15,40,2.06
18-01-2022 01:40,94,1017,287.15,287.15,287.15,40,2.06
18-01-2022 01:50,94,1017,287.15,287.15,287.15,40,2.06
18-01-2022 01:50,94,1017,287.15,287.15,287.15,40,2.06
18-01-2022 02:10,94,1017,287.15,287.15,287.15,40,2.06
18-01-2022 02:19,88,1017,288.15,288.15,288.15,40,2.06
18-01-2022 02:30,88,1017,288.15,288.15,288.15,40,2.06
18-01-2022 02:40,88,1017,288.15,288.15,288.15,40,2.06
18-01-2022 02:50,82,1017,289.15,289.15,289.15,50,1.54
18-01-2022 02:50,82,1017,289.15,289.15,289.15,50,1.54
18-01-2022 03:10,82,1017,289.15,289.15,289.15,50,1.54
18-01-2022 03:20,82,1018,289.15,289.15,289.15,50,2.06
18-01-2022 03:30,82,1018,289.15,289.15,289.15,50,2.06
18-01-2022 03:40,77,1018,290.15,290.15,290.15,60,1.54
18-01-2022 03:47,77,1018,290.15,290.15,290.15,60,1.54
18-01-2022 03:47,77,1018,290.15,290.15,290.15,60,1.54
18-01-2022 04:06,77,1018,290.15,290.15,290.15,60,1.54
18-01-2022 04:20,72,1018,291.15,291.15,291.15,20,1.54
18-01-2022 04:20,72,1018,291.15,291.15,291.15,20,1.54
18-01-2022 04:40,72,1018,291.15,291.15,291.15,20,1.54
18-01-2022 04:50,64,1018,293.15,293.15,293.15,50,1.54
18-01-2022 05:00,64,1018,293.15,293.15,293.15,50,1.54
18-01-2022 05:10,64,1018,293.15,293.15,293.15,50,1.54
18-01-2022 05:20,64,1019,294.15,294.15,294.15,30,1.54
18-01-2022 05:30,64,1019,294.15,294.15,294.15,30,1.54
18-01-2022 05:30,64,1019,294.15,294.15,294.15,30,1.54
18-01-2022 05:50,56,1018,296.15,296.15,296.15,60,1.54
18-01-2022 05:50,56,1018,296.15,296.15,296.15,60,1.54
18-01-2022 06:10,56,1018,296.15,296.15,296.15,60,1.54
18-01-2022 06:20,53,1018,297.15,297.15,297.15,50,1.54
18-01-2022 06:20,53,1018,297.15,297.15,297.15,50,1.54
18-01-2022 06:40,53,1018,297.15,297.15,297.15,50,1.54
18-01-2022 06:50,57,1017,297.15,297.15,297.15,350,1.03
18-01-2022 06:50,57,1017,297.15,297.15,297.15,350,1.03
18-01-2022 07:10,57,1017,297.15,297.15,297.15,350,1.03
18-01-2022 07:20,50,1017,299.15,299.15,299.15,70,2.06
18-01-2022 07:20,50,1017,299.15,299.15,299.15,70,2.06
18-01-2022 07:40,50,1017,299.15,299.15,299.15,70,2.06
18-01-2022 07:50,41,1016,300.15,300.15,300.15,340,4.12
18-01-2022 07:50,41,1016,300.15,300.15,300.15,340,4.12
18-01-2022 08:10,41,1015,300.15,300.15,300.15,50,2.57
18-01-2022 08:20,41,1015,300.15,300.15,300.15,50,2.57
18-01-2022 08:20,41,1015,300.15,300.15,300.15,50,2.57
18-01-2022 08:40,41,1015,300.15,300.15,300.15,50,2.57
18-01-2022 08:50,42,1015,301.15,301.15,301.15,60,3.09
18-01-2022 08:50,42,1015,301.15,301.15,301.15,60,3.09
18-01-2022 09:10,42,1014,301.15,301.15,301.15,50,4.12
18-01-2022 09:20,42,1014,301.15,301.15,301.15,50,4.12
18-01-2022 09:30,42,1014,301.15,301.15,301.15,50,4.12
18-01-2022 09:30,42,1014,301.15,301.15,301.15,50,4.12
18-01-2022 09:50,39,1014,302.15,302.15,302.15,50,3.09
18-01-2022 10:00,39,1014,302.15,302.15,302.15,50,3.09
18-01-2022 10:10,39,1014,302.15,302.15,302.15,50,3.09
18-01-2022 10:20,39,1014,302.15,302.15,302.15,40,3.09
18-01-2022 10:20,39,1014,302.15,302.15,302.15,40,3.09
18-01-2022 10:40,44,1014,301.15,301.15,301.15,320,5.14
18-01-2022 10:50,44,1014,301.15,301.15,301.15,320,5.14
18-01-2022 10:59,44,1014,301.15,301.15,301.15,320,5.14
18-01-2022 10:59,44,1014,301.15,301.15,301.15,320,5.14
18-01-2022 11:20,42,1014,301.15,301.15,301.15,340,3.09
18-01-2022 11:30,42,1014,301.15,301.15,301.15,340,3.09
18-01-2022 11:30,42,1014,301.15,301.15,301.15,340,3.09
18-01-2022 11:50,44,1014,300.15,300.15,300.15,30,2.06
18-01-2022 12:00,44,1014,300.15,300.15,300.15,30,2.06
18-01-2022 12:00,44,1014,300.15,300.15,300.15,30,2.06
18-01-2022 12:20,44,1014,300.15,300.15,300.15,50,2.06
18-01-2022 12:28,44,1014,300.15,300.15,300.15,50,2.06
18-01-2022 12:28,44,1014,300.15,300.15,300.15,50,2.06
18-01-2022 12:50,44,1014,299.15,299.15,299.15,10,1.54
18-01-2022 13:00,44,1014,299.15,299.15,299.15,10,1.54
18-01-2022 13:00,44,1014,299.15,299.15,299.15,10,1.54
18-01-2022 13:20,44,1014,299.15,299.15,299.15,340,1.54
18-01-2022 13:30,44,1014,299.15,299.15,299.15,340,1.54
18-01-2022 13:30,44,1014,299.15,299.15,299.15,340,1.54
18-01-2022 13:47,47,1014,298.15,298.15,298.15,350,1.54
18-01-2022 14:00,47,1014,298.15,298.15,298.15,350,1.54
18-01-2022 14:00,47,1014,298.15,298.15,298.15,350,1.54
18-01-2022 14:20,46,1015,297.15,297.15,297.15,50,1.54
18-01-2022 14:29,46,1015,297.15,297.15,297.15,50,1.54
18-01-2022 14:29,46,1015,297.15,297.15,297.15,50,1.54
18-01-2022 14:50,49,1015,296.15,296.15,296.15,70,2.06
18-01-2022 14:58,49,1015,296.15,296.15,296.15,70,2.06
18-01-2022 15:10,53,1016,296.15,296.15,296.15,70,2.06
18-01-2022 15:10,53,1016,296.15,296.15,296.15,70,2.06
18-01-2022 15:29,53,1016,296.15,296.15,296.15,70,2.06
18-01-2022 15:40,53,1016,296.15,296.15,296.15,70,2.06
18-01-2022 15:48,53,1016,296.15,296.15,296.15,70,2.06
18-01-2022 16:00,34,1016,294.83,294.83,294.83,19,3.1
18-01-2022 16:10,34,1016,294.83,294.83,294.83,19,3.1
18-01-2022 16:20,34,1016,294.83,294.83,294.83,19,3.1
18-01-2022 16:30,34,1016,294.28,294.28,294.28,17,2.76
18-01-2022 16:30,34,1016,294.28,294.28,294.28,17,2.76
18-01-2022 16:50,34,1016,294.28,294.28,294.28,17,2.76
18-01-2022 17:00,34,1016,294.28,294.28,294.28,17,2.76
18-01-2022 17:00,34,1016,294.28,294.28,294.28,17,2.76
18-01-2022 17:20,34,1016,294.28,294.28,294.28,17,2.76
18-01-2022 17:30,34,1016,293.48,293.48,293.48,4,2.79
18-01-2022 17:40,34,1016,293.48,293.48,293.48,4,2.79
18-01-2022 17:40,34,1016,293.48,293.48,293.48,4,2.79
18-01-2022 18:00,34,1016,293.48,293.48,293.48,4,2.79
18-01-2022 18:10,34,1016,293.48,293.48,293.48,4,2.79
18-01-2022 18:10,34,1016,293.48,293.48,293.48,4,2.79
18-01-2022 18:30,36,1016,292.64,292.64,292.64,2,2.69
18-01-2022 18:40,36,1016,292.64,292.64,292.64,2,2.69
18-01-2022 18:50,34,1016,292.46,292.46,292.46,7,2.65
18-01-2022 19:00,34,1016,292.46,292.46,292.46,7,2.65
18-01-2022 19:00,34,1016,292.46,292.46,292.46,7,2.65
18-01-2022 19:20,34,1016,292.46,292.46,292.46,7,2.65
18-01-2022 19:30,35,1015,291.82,291.82,291.82,9,2.82
18-01-2022 19:30,35,1015,291.82,291.82,291.82,9,2.82
18-01-2022 19:50,35,1015,291.82,291.82,291.82,9,2.82
18-01-2022 20:00,35,1015,291.82,291.82,291.82,9,2.82
18-01-2022 20:00,35,1015,291.82,291.82,291.82,9,2.82
18-01-2022 20:20,35,1015,291.82,291.82,291.82,9,2.82
18-01-2022 20:29,35,1015,291.82,291.82,291.82,9,2.82
18-01-2022 20:29,35,1015,291.82,291.82,291.82,9,2.82
18-01-2022 20:50,36,1015,291.28,291.28,291.28,16,3.07
18-01-2022 21:00,36,1015,291.28,291.28,291.28,16,3.07
18-01-2022 21:00,36,1015,291.28,291.28,291.28,16,3.07
18-01-2022 21:20,36,1015,291.28,291.28,291.28,16,3.07
18-01-2022 21:28,36,1015,291.28,291.28,291.28,16,3.07
18-01-2022 21:28,36,1015,291.28,291.28,291.28,16,3.07
18-01-2022 21:50,37,1015,290.82,290.82,290.82,25,3.05
18-01-2022 22:00,37,1015,290.82,290.82,290.82,25,3.05
18-01-2022 22:00,37,1015,290.82,290.82,290.82,25,3.05
18-01-2022 22:20,37,1015,290.82,290.82,290.82,25,3.05
18-01-2022 22:30,37,1014,290.44,290.44,290.44,29,2.86
18-01-2022 22:30,37,1014,290.44,290.44,290.44,29,2.86
18-01-2022 22:50,37,1014,290.44,290.44,290.44,29,2.86
18-01-2022 23:00,37,1014,290.44,290.44,290.44,29,2.86
18-01-2022 23:00,37,1014,290.44,290.44,290.44,29,2.86
18-01-2022 23:20,82,1010,289.15,289.15,289.15,0,0
18-01-2022 23:30,82,1010,289.15,289.15,289.15,0,0
18-01-2022 23:30,82,1010,289.15,289.15,289.15,0,0
18-01-2022 23:50,82,1010,289.15,289.15,289.15,0,0
19-01-2022 00:00,39,1015,290.25,290.25,290.25,37,2.55
19-01-2022 00:00,39,1015,290.25,290.25,290.25,37,2.55
19-01-2022 00:20,82,1014,288.15,288.15,288.15,0,0
19-01-2022 00:30,82,1014,288.15,288.15,288.15,0,0
19-01-2022 00:40,88,1015,287.15,287.15,287.15,30,1.54
19-01-2022 00:40,88,1015,287.15,287.15,287.15,30,1.54
19-01-2022 01:00,88,1015,287.15,287.15,287.15,30,1.54
19-01-2022 01:10,88,1015,286.15,286.15,286.15,60,2.06
19-01-2022 01:20,88,1015,286.15,286.15,286.15,60,2.06
19-01-2022 01:30,88,1015,286.15,286.15,286.15,60,2.06
19-01-2022 01:40,88,1016,286.15,286.15,286.15,50,2.06
19-01-2022 01:50,88,1016,286.15,286.15,286.15,50,2.06
19-01-2022 02:00,88,1016,286.15,286.15,286.15,50,2.06
19-01-2022 02:10,88,1016,286.15,286.15,286.15,50,2.57
19-01-2022 02:20,88,1016,286.15,286.15,286.15,50,2.57
19-01-2022 02:30,88,1016,286.15,286.15,286.15,50,2.57
19-01-2022 02:40,88,1016,286.15,286.15,286.15,50,2.57
19-01-2022 02:40,88,1016,286.15,286.15,286.15,50,2.57
19-01-2022 03:00,88,1016,286.15,286.15,286.15,60,1.54
19-01-2022 03:10,88,1016,286.15,286.15,286.15,60,1.54
19-01-2022 03:10,88,1016,286.15,286.15,286.15,60,1.54
19-01-2022 03:30,77,1016,288.15,288.15,288.15,50,2.06
19-01-2022 03:40,77,1016,288.15,288.15,288.15,50,2.06
19-01-2022 03:40,77,1016,288.15,288.15,288.15,50,2.06
19-01-2022 04:00,72,1017,289.15,289.15,289.15,30,1.54
19-01-2022 04:05,63,1017,291.15,291.15,291.15,40,1.54
19-01-2022 04:05,63,1017,291.15,291.15,291.15,40,1.54
19-01-2022 04:30,63,1017,291.15,291.15,291.15,40,1.54
19-01-2022 04:40,63,1017,291.15,291.15,291.15,40,1.54
19-01-2022 04:50,63,1017,291.15,291.15,291.15,40,1.54
19-01-2022 05:00,28,1017,298.04,298.04,298.04,81,2.95
19-01-2022 05:10,56,1017,293.15,293.15,293.15,0,0
19-01-2022 05:10,56,1017,293.15,293.15,293.15,0,0
19-01-2022 05:30,56,1017,293.15,293.15,293.15,0,0
19-01-2022 05:40,49,1017,295.15,295.15,295.15,90,2.06
19-01-2022 05:50,49,1017,295.15,295.15,295.15,90,2.06
19-01-2022 05:50,49,1017,295.15,295.15,295.15,90,2.06
19-01-2022 06:10,49,1017,295.15,295.15,295.15,90,2.06
19-01-2022 06:20,50,1016,297.15,297.15,297.15,90,1.54
19-01-2022 06:30,50,1016,297.15,297.15,297.15,90,1.54
19-01-2022 06:30,50,1016,297.15,297.15,297.15,90,1.54
19-01-2022 06:50,47,1016,298.15,298.15,298.15,90,1.54
19-01-2022 06:50,47,1016,298.15,298.15,298.15,90,1.54
19-01-2022 07:10,47,1016,298.15,298.15,298.15,90,1.54
19-01-2022 07:20,41,1015,299.15,299.15,299.15,180,2.06
19-01-2022 07:20,41,1015,299.15,299.15,299.15,180,2.06
19-01-2022 07:40,41,1015,299.15,299.15,299.15,180,2.06
19-01-2022 07:47,36,1015,301.15,301.15,301.15,250,1.54
19-01-2022 07:47,36,1015,301.15,301.15,301.15,250,1.54
19-01-2022 08:10,36,1015,301.15,301.15,301.15,250,1.54
19-01-2022 08:10,36,1015,301.15,301.15,301.15,250,1.54
19-01-2022 08:30,36,1014,301.15,301.15,301.15,330,1.54
19-01-2022 08:40,36,1014,301.15,301.15,301.15,330,1.54
19-01-2022 08:50,36,1013,301.15,301.15,301.15,200,1.54
19-01-2022 09:00,36,1013,301.15,301.15,301.15,200,1.54
19-01-2022 09:00,36,1013,301.15,301.15,301.15,200,1.54
19-01-2022 09:19,32,1012,302.15,302.15,302.15,0,0
19-01-2022 09:29,32,1012,302.15,302.15,302.15,0,0
19-01-2022 09:29,32,1012,302.15,302.15,302.15,0,0
19-01-2022 09:50,30,1012,303.15,303.15,303.15,220,2.06
19-01-2022 10:00,30,1012,303.15,303.15,303.15,220,2.06
19-01-2022 10:00,30,1012,303.15,303.15,303.15,220,2.06
19-01-2022 10:20,30,1012,303.15,303.15,303.15,310,1.54
19-01-2022 10:30,30,1012,303.15,303.15,303.15,310,1.54
19-01-2022 10:30,30,1012,303.15,303.15,303.15,310,1.54
19-01-2022 10:50,32,1011,302.15,302.15,302.15,350,1.54
19-01-2022 11:00,32,1011,302.15,302.15,302.15,350,1.54
19-01-2022 11:00,32,1011,302.15,302.15,302.15,350,1.54
19-01-2022 11:20,32,1011,302.15,302.15,302.15,0,0
19-01-2022 11:30,32,1011,302.15,302.15,302.15,0,0
19-01-2022 11:30,32,1011,302.15,302.15,302.15,0,0
19-01-2022 11:46,34,1011,301.15,301.15,301.15,0,0
19-01-2022 11:58,34,1011,301.15,301.15,301.15,0,0
19-01-2022 12:10,34,1011,301.15,301.15,301.15,0,0
19-01-2022 12:20,36,1011,301.15,301.15,301.15,0,0
19-01-2022 12:30,36,1011,301.15,301.15,301.15,0,0
19-01-2022 12:40,36,1011,301.15,301.15,301.15,0,0
19-01-2022 12:40,36,1011,301.15,301.15,301.15,0,0
19-01-2022 12:51,36,1012,301.15,301.15,301.15,330,3.09
19-01-2022 13:10,36,1012,301.15,301.15,301.15,330,3.09
19-01-2022 13:20,39,1012,300.15,300.15,300.15,330,1.54
19-01-2022 13:30,39,1012,300.15,300.15,300.15,330,1.54
19-01-2022 13:30,39,1012,300.15,300.15,300.15,330,1.54
19-01-2022 13:50,41,1012,299.15,299.15,299.15,330,2.57
19-01-2022 14:00,41,1012,299.15,299.15,299.15,330,2.57
19-01-2022 14:00,41,1012,299.15,299.15,299.15,330,2.57
19-01-2022 14:20,44,1012,298.15,298.15,298.15,320,3.09
19-01-2022 14:30,44,1012,298.15,298.15,298.15,320,3.09
19-01-2022 14:30,44,1012,298.15,298.15,298.15,320,3.09
19-01-2022 14:50,44,1012,298.15,298.15,298.15,0,0
19-01-2022 15:00,44,1012,298.15,298.15,298.15,0,0
19-01-2022 15:00,44,1012,298.15,298.15,298.15,0,0
19-01-2022 15:20,53,1013,296.15,296.15,296.15,320,2.06
19-01-2022 15:30,53,1013,296.15,296.15,296.15,320,2.06
19-01-2022 15:40,53,1013,296.15,296.15,296.15,320,2.06
19-01-2022 15:40,53,1013,296.15,296.15,296.15,320,2.06
19-01-2022 16:00,35,1013,295.44,295.44,295.44,318,2.2
19-01-2022 16:10,35,1013,295.44,295.44,295.44,318,2.2
19-01-2022 16:10,35,1013,295.44,295.44,295.44,318,2.2
19-01-2022 16:27,35,1013,295.44,295.44,295.44,318,2.2
19-01-2022 16:39,36,1013,294.92,294.92,294.92,325,2.36
19-01-2022 16:50,36,1013,294.92,294.92,294.92,325,2.36
19-01-2022 17:00,36,1013,294.92,294.92,294.92,325,2.36
19-01-2022 17:09,36,1013,294.92,294.92,294.92,325,2.36
19-01-2022 17:20,36,1013,294.92,294.92,294.92,325,2.36
19-01-2022 17:20,36,1013,294.92,294.92,294.92,325,2.36
19-01-2022 17:38,37,1013,294.3,294.3,294.3,321,2.01
19-01-2022 17:38,37,1013,294.3,294.3,294.3,321,2.01
19-01-2022 18:00,37,1013,293.94,293.94,293.94,300,1.62
19-01-2022 18:10,37,1013,293.94,293.94,293.94,300,1.62
19-01-2022 18:10,37,1013,293.94,293.94,293.94,300,1.62
19-01-2022 18:30,38,1013,293.56,293.56,293.56,323,2.92
19-01-2022 18:37,38,1013,293.56,293.56,293.56,323,2.92
19-01-2022 18:37,38,1013,293.56,293.56,293.56,323,2.92
19-01-2022 19:00,38,1013,293.56,293.56,293.56,323,2.92
19-01-2022 19:10,38,1013,293.56,293.56,293.56,323,2.92
19-01-2022 19:10,38,1013,293.56,293.56,293.56,323,2.92
19-01-2022 19:30,40,1013,292.96,292.96,292.96,333,2.46
19-01-2022 19:40,40,1013,292.96,292.96,292.96,333,2.46
19-01-2022 19:40,40,1013,292.96,292.96,292.96,333,2.46
19-01-2022 20:00,40,1013,292.96,292.96,292.96,333,2.46
19-01-2022 20:10,40,1013,292.96,292.96,292.96,333,2.46
19-01-2022 20:10,40,1013,292.96,292.96,292.96,333,2.46
19-01-2022 20:30,41,1012,292.35,292.35,292.35,338,2.33
19-01-2022 20:38,41,1012,292.35,292.35,292.35,338,2.33
19-01-2022 20:38,41,1012,292.35,292.35,292.35,338,2.33
19-01-2022 21:00,41,1012,292.35,292.35,292.35,338,2.33
19-01-2022 21:10,41,1012,292.35,292.35,292.35,338,2.33
19-01-2022 21:10,41,1012,292.35,292.35,292.35,338,2.33
19-01-2022 21:30,41,1012,291.69,291.69,291.69,323,2.07
19-01-2022 21:40,41,1012,291.69,291.69,291.69,323,2.07
19-01-2022 21:50,41,1012,291.69,291.69,291.69,323,2.07
19-01-2022 21:50,41,1012,291.69,291.69,291.69,323,2.07
19-01-2022 22:10,41,1012,291.69,291.69,291.69,323,2.07
19-01-2022 22:20,41,1012,291.69,291.69,291.69,323,2.07
19-01-2022 22:30,41,1011,291.2,291.2,291.2,281,1.28
19-01-2022 22:40,41,1011,291.2,291.2,291.2,281,1.28
19-01-2022 22:50,41,1011,291.2,291.2,291.2,281,1.28
19-01-2022 22:50,41,1011,291.2,291.2,291.2,281,1.28
19-01-2022 23:10,41,1011,291.2,291.2,291.2,281,1.28
19-01-2022 23:20,82,1013,289.15,289.15,289.15,330,1.54
19-01-2022 23:20,82,1013,289.15,289.15,289.15,330,1.54
19-01-2022 23:40,82,1013,289.15,289.15,289.15,330,1.54
19-01-2022 23:50,82,1013,289.15,289.15,289.15,330,1.54
20-01-2022 00:00,41,1011,291.06,291.06,291.06,294,1.65
20-01-2022 00:10,41,1011,291.06,291.06,291.06,294,1.65
20-01-2022 00:10,41,1011,291.06,291.06,291.06,294,1.65
20-01-2022 00:30,82,1011,289.15,289.15,289.15,320,1.54
20-01-2022 00:39,82,1011,289.15,289.15,289.15,280,1.54
20-01-2022 00:50,82,1011,289.15,289.15,289.15,280,1.54
20-01-2022 01:00,82,1011,289.15,289.15,289.15,280,1.54
20-01-2022 01:05,82,1011,289.15,289.15,289.15,280,1.54
20-01-2022 01:20,88,1011,288.15,288.15,288.15,280,1.54
20-01-2022 01:30,88,1011,288.15,288.15,288.15,280,1.54
20-01-2022 01:40,88,1011,288.15,288.15,288.15,280,1.54
20-01-2022 01:50,88,1012,288.15,288.15,288.15,250,1.54
20-01-2022 01:50,88,1012,288.15,288.15,288.15,250,1.54
20-01-2022 02:10,88,1012,288.15,288.15,288.15,250,1.54
20-01-2022 02:20,82,1012,289.15,289.15,289.15,250,1.54
20-01-2022 02:30,82,1012,289.15,289.15,289.15,250,1.54
20-01-2022 02:40,82,1012,289.15,289.15,289.15,250,1.54
20-01-2022 02:50,77,1012,290.15,290.15,290.15,280,1.54
20-01-2022 02:50,77,1012,290.15,290.15,290.15,280,1.54
20-01-2022 03:10,77,1012,290.15,290.15,290.15,280,1.54
20-01-2022 03:20,72,1013,291.15,291.15,291.15,0,0
20-01-2022 03:20,72,1013,291.15,291.15,291.15,0,0
20-01-2022 03:40,72,1013,291.15,291.15,291.15,0,0
20-01-2022 03:50,68,1013,292.15,292.15,292.15,0,0
20-01-2022 03:50,68,1013,292.15,292.15,292.15,0,0
20-01-2022 04:10,68,1013,292.15,292.15,292.15,0,0
20-01-2022 04:20,68,1013,292.15,292.15,292.15,0,0
20-01-2022 04:20,68,1013,292.15,292.15,292.15,0,0
20-01-2022 04:36,64,1013,294.15,294.15,294.15,0,0
20-01-2022 04:50,64,1013,294.15,294.15,294.15,0,0
20-01-2022 04:50,64,1013,294.15,294.15,294.15,0,0
20-01-2022 05:06,27,1014,297.51,297.51,297.51,279,2.14
20-01-2022 05:20,53,1013,297.15,297.15,297.15,320,2.06
20-01-2022 05:20,53,1013,297.15,297.15,297.15,320,2.06
20-01-2022 05:38,53,1013,297.15,297.15,297.15,320,2.06
20-01-2022 05:50,50,1013,298.15,298.15,298.15,300,1.54
20-01-2022 05:50,50,1013,298.15,298.15,298.15,300,1.54
20-01-2022 06:09,50,1013,298.15,298.15,298.15,300,1.54
20-01-2022 06:20,44,1013,299.15,299.15,299.15,290,1.54
20-01-2022 06:20,44,1013,299.15,299.15,299.15,290,1.54
20-01-2022 06:40,44,1013,299.15,299.15,299.15,290,1.54
20-01-2022 06:45,44,1012,299.15,299.15,299.15,280,3.09
20-01-2022 07:00,44,1012,299.15,299.15,299.15,280,3.09
20-01-2022 07:00,44,1012,299.15,299.15,299.15,280,3.09
20-01-2022 07:20,41,1012,300.15,300.15,300.15,300,2.57
20-01-2022 07:30,41,1012,300.15,300.15,300.15,300,2.57
20-01-2022 07:30,41,1012,300.15,300.15,300.15,300,2.57
20-01-2022 07:50,39,1011,301.15,301.15,301.15,300,2.57
20-01-2022 07:50,39,1011,301.15,301.15,301.15,300,2.57
20-01-2022 08:07,42,1011,301.15,301.15,301.15,270,2.57
20-01-2022 08:20,42,1011,301.15,301.15,301.15,270,2.57
20-01-2022 08:20,42,1011,301.15,301.15,301.15,270,2.57
20-01-2022 08:40,42,1010,301.15,301.15,301.15,280,3.09
20-01-2022 08:46,42,1010,301.15,301.15,301.15,280,3.09
20-01-2022 09:00,42,1010,301.15,301.15,301.15,280,3.09
20-01-2022 09:10,42,1009,301.15,301.15,301.15,270,3.09
20-01-2022 09:16,42,1009,301.15,301.15,301.15,270,3.09
20-01-2022 09:30,42,1009,301.15,301.15,301.15,270,3.09
20-01-2022 09:30,42,1009,301.15,301.15,301.15,270,3.09
20-01-2022 09:50,47,1009,300.15,300.15,300.15,280,2.57
20-01-2022 09:50,47,1009,300.15,300.15,300.15,280,2.57
20-01-2022 10:08,47,1009,300.15,300.15,300.15,280,2.57
20-01-2022 10:20,44,1009,300.15,300.15,300.15,280,3.09
20-01-2022 10:20,44,1009,300.15,300.15,300.15,280,3.09
20-01-2022 10:38,44,1009,300.15,300.15,300.15,280,3.09
20-01-2022 10:50,47,1008,299.15,299.15,299.15,280,2.57
20-01-2022 11:00,47,1008,299.15,299.15,299.15,280,2.57
20-01-2022 11:00,47,1008,299.15,299.15,299.15,280,2.57
20-01-2022 11:20,47,1008,299.15,299.15,299.15,270,2.57
20-01-2022 11:30,47,1008,299.15,299.15,299.15,270,2.57
20-01-2022 11:40,47,1008,299.15,299.15,299.15,270,2.57
20-01-2022 11:40,47,1008,299.15,299.15,299.15,270,2.57
20-01-2022 12:00,50,1008,299.15,299.15,299.15,280,3.09
20-01-2022 12:10,53,1009,298.15,298.15,298.15,270,2.06
20-01-2022 12:10,53,1009,298.15,298.15,298.15,270,2.06
20-01-2022 12:30,53,1009,298.15,298.15,298.15,270,2.06
20-01-2022 12:40,53,1009,298.15,298.15,298.15,270,1.54
20-01-2022 12:50,53,1009,298.15,298.15,298.15,270,1.54
20-01-2022 12:50,53,1009,298.15,298.15,298.15,270,1.54
20-01-2022 13:10,53,1009,298.15,298.15,298.15,270,1.54
20-01-2022 13:20,57,1009,297.15,297.15,297.15,310,1.54
20-01-2022 13:20,57,1009,297.15,297.15,297.15,310,1.54
20-01-2022 13:40,53,1009,297.15,297.15,297.15,0,0
20-01-2022 13:50,53,1009,297.15,297.15,297.15,0,0
20-01-2022 13:50,53,1009,297.15,297.15,297.15,0,0
20-01-2022 14:10,53,1009,297.15,297.15,297.15,0,0
20-01-2022 14:20,53,1009,297.15,297.15,297.15,0,0
20-01-2022 14:20,53,1009,297.15,297.15,297.15,0,0
20-01-2022 14:40,56,1009,296.15,296.15,296.15,0,0
20-01-2022 14:50,56,1009,296.15,296.15,296.15,0,0
20-01-2022 14:50,56,1009,296.15,296.15,296.15,0,0
20-01-2022 15:10,56,1009,296.15,296.15,296.15,0,0
20-01-2022 15:16,60,1010,296.15,296.15,296.15,0,0
20-01-2022 15:16,60,1010,296.15,296.15,296.15,0,0
20-01-2022 15:40,60,1010,296.15,296.15,296.15,0,0
20-01-2022 15:50,60,1010,296.15,296.15,296.15,0,0
20-01-2022 16:00,54,1011,295.52,295.52,295.52,264,3.7
20-01-2022 16:00,54,1011,295.52,295.52,295.52,264,3.7
20-01-2022 16:20,54,1011,295.52,295.52,295.52,264,3.7
20-01-2022 16:20,54,1011,295.52,295.52,295.52,264,3.7
20-01-2022 16:37,57,1011,294.78,294.78,294.78,245,3.49
20-01-2022 16:50,57,1011,294.78,294.78,294.78,245,3.49
20-01-2022 17:00,57,1011,294.78,294.78,294.78,245,3.49
20-01-2022 17:10,57,1011,294.78,294.78,294.78,245,3.49
20-01-2022 17:20,57,1011,294.78,294.78,294.78,245,3.49
20-01-2022 17:20,57,1011,294.78,294.78,294.78,245,3.49
20-01-2022 17:40,60,1011,294.04,294.04,294.04,234,3.16
20-01-2022 17:50,62,1011,293.96,293.96,293.96,250,2.92
20-01-2022 17:50,62,1011,293.96,293.96,293.96,250,2.92
20-01-2022 18:10,62,1011,293.96,293.96,293.96,250,2.92
20-01-2022 18:20,62,1011,293.96,293.96,293.96,250,2.92
20-01-2022 18:30,64,1011,293.43,293.43,293.43,259,2.45
20-01-2022 18:30,64,1011,293.43,293.43,293.43,259,2.45
20-01-2022 18:50,64,1011,293.43,293.43,293.43,259,2.45
20-01-2022 18:56,64,1011,293.43,293.43,293.43,259,2.45
20-01-2022 18:56,64,1011,293.43,293.43,293.43,259,2.45
20-01-2022 19:20,64,1011,293.43,293.43,293.43,259,2.45
20-01-2022 19:30,66,1011,292.95,292.95,292.95,272,1.96
20-01-2022 19:30,66,1011,292.95,292.95,292.95,272,1.96
20-01-2022 19:50,66,1011,292.95,292.95,292.95,272,1.96
20-01-2022 19:50,66,1011,292.95,292.95,292.95,272,1.96
20-01-2022 20:10,66,1011,292.95,292.95,292.95,272,1.96
20-01-2022 20:20,66,1011,292.95,292.95,292.95,272,1.96
20-01-2022 20:20,66,1011,292.95,292.95,292.95,272,1.96
20-01-2022 20:40,67,1011,292.49,292.49,292.49,262,1.43
20-01-2022 20:50,67,1011,292.49,292.49,292.49,262,1.43
20-01-2022 20:50,67,1011,292.49,292.49,292.49,262,1.43
20-01-2022 21:10,67,1011,292.49,292.49,292.49,262,1.43
20-01-2022 21:20,67,1011,292.49,292.49,292.49,262,1.43
20-01-2022 21:20,67,1011,292.49,292.49,292.49,262,1.43
20-01-2022 21:40,70,1010,292.09,292.09,292.09,244,1.12
20-01-2022 21:50,70,1010,292.09,292.09,292.09,244,1.12
20-01-2022 21:50,70,1010,292.09,292.09,292.09,244,1.12
20-01-2022 22:10,70,1010,292.09,292.09,292.09,244,1.12
20-01-2022 22:20,70,1010,292.09,292.09,292.09,244,1.12
20-01-2022 22:20,70,1010,292.09,292.09,292.09,244,1.12
20-01-2022 22:35,72,1010,291.77,291.77,291.77,236,0.49
20-01-2022 22:50,72,1010,291.77,291.77,291.77,236,0.49
20-01-2022 22:50,72,1010,291.77,291.77,291.77,236,0.49
20-01-2022 23:10,82,1010,290.15,290.15,290.15,250,2.06
20-01-2022 23:20,82,1010,290.15,290.15,290.15,250,2.06
20-01-2022 23:30,82,1010,290.15,290.15,290.15,250,2.06
20-01-2022 23:30,82,1010,290.15,290.15,290.15,250,2.06
20-01-2022 23:50,82,1010,290.15,290.15,290.15,250,2.06
21-01-2022 00:00,81,1010,291.79,291.79,291.79,216,1.34
21-01-2022 00:00,81,1010,291.79,291.79,291.79,216,1.34
21-01-2022 00:20,82,1009,290.15,290.15,290.15,270,1.54
21-01-2022 00:30,82,1009,290.15,290.15,290.15,270,1.54
21-01-2022 00:30,82,1009,290.15,290.15,290.15,270,1.54
21-01-2022 00:50,82,1010,290.15,290.15,290.15,230,1.54
21-01-2022 00:50,82,1010,290.15,290.15,290.15,230,1.54
21-01-2022 01:10,88,1010,289.15,289.15,289.15,210,1.54
21-01-2022 01:13,88,1010,289.15,289.15,289.15,210,1.54
21-01-2022 01:30,88,1010,289.15,289.15,289.15,210,1.54
21-01-2022 01:40,82,1011,290.15,290.15,290.15,210,2.06
21-01-2022 01:50,82,1011,290.15,290.15,290.15,210,2.06
21-01-2022 01:50,82,1011,290.15,290.15,290.15,210,2.06
21-01-2022 02:10,82,1011,290.15,290.15,290.15,210,2.06
21-01-2022 02:20,82,1011,290.15,290.15,290.15,210,2.06
21-01-2022 02:30,82,1011,290.15,290.15,290.15,210,2.06
21-01-2022 02:40,82,1011,290.15,290.15,290.15,210,2.06
21-01-2022 02:50,82,1012,291.15,291.15,291.15,230,2.06
21-01-2022 02:50,82,1012,291.15,291.15,291.15,230,2.06
21-01-2022 03:10,77,1012,292.15,292.15,292.15,270,1.54
21-01-2022 03:16,77,1012,292.15,292.15,292.15,270,1.54
21-01-2022 03:16,77,1012,292.15,292.15,292.15,270,1.54
21-01-2022 03:40,77,1012,292.15,292.15,292.15,270,1.54
21-01-2022 03:50,77,1013,293.15,293.15,293.15,260,2.06
21-01-2022 03:58,77,1013,293.15,293.15,293.15,260,2.06
21-01-2022 04:06,83,1013,293.15,293.15,293.15,310,1.54
21-01-2022 04:06,83,1013,293.15,293.15,293.15,310,1.54
21-01-2022 04:24,83,1013,293.15,293.15,293.15,310,1.54
21-01-2022 04:40,83,1013,293.15,293.15,293.15,310,1.54
21-01-2022 04:40,83,1013,293.15,293.15,293.15,310,1.54
21-01-2022 05:00,78,1014,294.15,294.15,294.15,0,0
21-01-2022 05:10,78,1014,294.15,294.15,294.15,0,0
21-01-2022 05:20,78,1014,294.15,294.15,294.15,230,2.06
21-01-2022 05:30,78,1014,294.15,294.15,294.15,230,2.06
21-01-2022 05:40,78,1014,294.15,294.15,294.15,230,2.06
21-01-2022 05:50,73,1014,295.15,295.15,295.15,250,2.06
21-01-2022 05:50,73,1014,295.15,295.15,295.15,250,2.06
21-01-2022 06:10,73,1014,295.15,295.15,295.15,250,2.06
21-01-2022 06:20,68,1014,296.15,296.15,296.15,0,0
21-01-2022 06:20,68,1014,296.15,296.15,296.15,0,0
21-01-2022 06:35,68,1014,296.15,296.15,296.15,0,0
21-01-2022 06:50,64,1013,297.15,297.15,297.15,0,0
21-01-2022 07:00,64,1013,297.15,297.15,297.15,0,0
21-01-2022 07:10,64,1013,297.15,297.15,297.15,0,0
21-01-2022 07:10,64,1013,297.15,297.15,297.15,0,0
21-01-2022 07:30,61,1012,298.15,298.15,298.15,300,2.06
21-01-2022 07:38,61,1012,298.15,298.15,298.15,300,2.06
21-01-2022 07:50,57,1011,299.15,299.15,299.15,260,2.57
21-01-2022 07:50,57,1011,299.15,299.15,299.15,260,2.57
21-01-2022 08:10,57,1011,299.15,299.15,299.15,260,2.57
21-01-2022 08:15,57,1011,299.15,299.15,299.15,190,2.57
21-01-2022 08:15,57,1011,299.15,299.15,299.15,190,2.57
21-01-2022 08:40,57,1011,299.15,299.15,299.15,190,2.57
21-01-2022 08:40,57,1011,299.15,299.15,299.15,190,2.57
21-01-2022 09:00,54,1010,300.15,300.15,300.15,210,2.57
21-01-2022 09:00,54,1010,300.15,300.15,300.15,210,2.57
21-01-2022 09:20,51,1010,301.15,301.15,301.15,230,2.57
21-01-2022 09:30,51,1010,301.15,301.15,301.15,230,2.57
21-01-2022 09:40,51,1010,301.15,301.15,301.15,230,2.57
21-01-2022 09:50,51,1009,301.15,301.15,301.15,230,4.12
21-01-2022 10:00,51,1009,301.15,301.15,301.15,230,4.12
21-01-2022 10:00,51,1009,301.15,301.15,301.15,230,4.12
21-01-2022 10:20,48,1009,302.15,302.15,302.15,220,3.09
21-01-2022 10:20,48,1009,302.15,302.15,302.15,220,3.09
21-01-2022 10:40,48,1009,302.15,302.15,302.15,220,3.09
21-01-2022 10:50,45,1008,302.15,302.15,302.15,210,4.12
21-01-2022 10:50,45,1008,302.15,302.15,302.15,210,4.12
21-01-2022 11:10,45,1008,302.15,302.15,302.15,210,4.12
21-01-2022 11:20,45,1008,302.15,302.15,302.15,220,4.12
21-01-2022 11:20,45,1008,302.15,302.15,302.15,220,4.12
21-01-2022 11:40,45,1008,302.15,302.15,302.15,220,4.12
21-01-2022 11:50,47,1008,301.15,301.15,301.15,210,3.09
21-01-2022 11:50,47,1008,301.15,301.15,301.15,210,3.09
21-01-2022 12:10,47,1008,301.15,301.15,301.15,210,3.09
21-01-2022 12:15,47,1008,301.15,301.15,301.15,230,2.57
21-01-2022 12:30,47,1008,301.15,301.15,301.15,230,2.57
21-01-2022 12:36,47,1008,301.15,301.15,301.15,230,2.57
21-01-2022 12:46,50,1008,300.15,300.15,300.15,210,3.09
21-01-2022 13:00,50,1008,300.15,300.15,300.15,210,3.09
21-01-2022 13:10,50,1008,300.15,300.15,300.15,210,3.09
21-01-2022 13:20,53,1009,299.15,299.15,299.15,220,1.54
21-01-2022 13:20,53,1009,299.15,299.15,299.15,220,1.54
21-01-2022 13:40,53,1009,299.15,299.15,299.15,220,1.54
21-01-2022 13:50,53,1009,299.15,299.15,299.15,210,1.54
21-01-2022 14:00,53,1009,299.15,299.15,299.15,210,1.54
21-01-2022 14:00,53,1009,299.15,299.15,299.15,210,1.54
21-01-2022 14:20,57,1009,298.15,298.15,298.15,190,2.06
21-01-2022 14:30,57,1009,298.15,298.15,298.15,190,2.06
21-01-2022 14:30,57,1009,298.15,298.15,298.15,190,2.06
21-01-2022 14:50,60,1009,297.15,297.15,297.15,190,2.06
21-01-2022 14:57,60,1009,297.15,297.15,297.15,190,2.06
21-01-2022 14:57,60,1009,297.15,297.15,297.15,190,2.06
21-01-2022 15:20,60,1010,296.15,296.15,296.15,200,2.06
21-01-2022 15:20,60,1010,296.15,296.15,296.15,200,2.06
21-01-2022 15:39,60,1010,296.15,296.15,296.15,200,2.06
21-01-2022 15:46,60,1010,296.15,296.15,296.15,210,3.09
21-01-2022 15:46,60,1010,296.15,296.15,296.15,210,3.09
21-01-2022 16:10,60,1010,296.15,296.15,296.15,210,3.09
21-01-2022 16:20,60,1010,296.15,296.15,296.15,210,3.09
21-01-2022 16:30,73,1011,294.87,294.87,294.87,215,5.25
21-01-2022 16:40,73,1011,294.87,294.87,294.87,215,5.25
21-01-2022 16:50,73,1011,294.87,294.87,294.87,215,5.25
21-01-2022 16:50,73,1011,294.87,294.87,294.87,215,5.25
21-01-2022 17:10,73,1011,294.87,294.87,294.87,215,5.25
21-01-2022 17:20,73,1011,294.87,294.87,294.87,215,5.25
21-01-2022 17:20,73,1011,294.87,294.87,294.87,215,5.25
21-01-2022 17:40,79,1011,294.46,294.46,294.46,216,4.73
21-01-2022 17:50,78,1011,294.3,294.3,294.3,214,4.69
21-01-2022 17:50,78,1011,294.3,294.3,294.3,214,4.69
21-01-2022 18:10,78,1011,294.3,294.3,294.3,214,4.69
21-01-2022 18:20,78,1011,294.3,294.3,294.3,214,4.69
21-01-2022 18:30,83,1010,293.77,293.77,293.77,217,4.01
21-01-2022 18:30,83,1010,293.77,293.77,293.77,217,4.01
21-01-2022 18:50,83,1010,293.77,293.77,293.77,217,4.01
21-01-2022 18:57,83,1010,293.77,293.77,293.77,217,4.01
21-01-2022 18:57,83,1010,293.77,293.77,293.77,217,4.01
21-01-2022 19:20,83,1010,293.77,293.77,293.77,217,4.01
21-01-2022 19:30,84,1010,293.48,293.48,293.48,225,3.2
21-01-2022 19:40,84,1010,293.48,293.48,293.48,225,3.2
21-01-2022 19:50,84,1010,293.48,293.48,293.48,225,3.2
21-01-2022 20:00,84,1010,293.48,293.48,293.48,225,3.2
21-01-2022 20:10,84,1010,293.48,293.48,293.48,225,3.2
21-01-2022 20:10,84,1010,293.48,293.48,293.48,225,3.2
21-01-2022 20:27,84,1010,293.48,293.48,293.48,225,3.2
21-01-2022 20:27,84,1010,293.48,293.48,293.48,225,3.2
21-01-2022 20:50,85,1009,293.2,293.2,293.2,230,2.85
21-01-2022 21:00,85,1009,293.2,293.2,293.2,230,2.85
21-01-2022 21:00,85,1009,293.2,293.2,293.2,230,2.85
21-01-2022 21:20,85,1009,293.2,293.2,293.2,230,2.85
21-01-2022 21:30,85,1009,292.92,292.92,292.92,226,2.83
21-01-2022 21:30,85,1009,292.92,292.92,292.92,226,2.83
21-01-2022 21:50,85,1009,292.92,292.92,292.92,226,2.83
21-01-2022 22:00,85,1009,292.92,292.92,292.92,226,2.83
21-01-2022 22:00,85,1009,292.92,292.92,292.92,226,2.83
21-01-2022 22:20,85,1009,292.92,292.92,292.92,226,2.83
21-01-2022 22:30,87,1009,292.57,292.57,292.57,228,2.64
21-01-2022 22:30,87,1009,292.57,292.57,292.57,228,2.64
21-01-2022 22:50,87,1009,292.57,292.57,292.57,228,2.64
21-01-2022 23:00,87,1009,292.57,292.57,292.57,228,2.64
21-01-2022 23:00,87,1009,292.57,292.57,292.57,228,2.64
21-01-2022 23:20,82,1009,291.15,291.15,291.15,220,1.54
21-01-2022 23:30,82,1009,291.15,291.15,291.15,220,1.54
21-01-2022 23:30,82,1009,291.15,291.15,291.15,220,1.54
21-01-2022 23:50,82,1009,291.15,291.15,291.15,220,1.54
21-01-2022 23:57,82,1009,291.15,291.15,291.15,220,1.54
21-01-2022 23:57,82,1009,291.15,291.15,291.15,220,1.54
22-01-2022 00:20,88,1008,291.15,291.15,291.15,200,3.09
22-01-2022 00:30,88,1008,291.15,291.15,291.15,200,3.09
22-01-2022 00:30,88,1008,291.15,291.15,291.15,200,3.09
22-01-2022 00:50,88,1008,291.15,291.15,291.15,210,3.09
22-01-2022 01:00,88,1008,291.15,291.15,291.15,210,3.09
22-01-2022 01:00,88,1008,291.15,291.15,291.15,210,3.09
22-01-2022 01:20,88,1008,291.15,291.15,291.15,210,3.09
22-01-2022 01:30,88,1008,291.15,291.15,291.15,210,3.09
22-01-2022 01:40,88,1008,291.15,291.15,291.15,210,3.09
22-01-2022 01:50,82,1008,292.15,292.15,292.15,210,2.57
22-01-2022 02:00,82,1008,292.15,292.15,292.15,210,2.57
22-01-2022 02:00,82,1008,292.15,292.15,292.15,210,2.57
22-01-2022 02:20,77,1008,293.15,293.15,293.15,200,3.09
22-01-2022 02:30,77,1008,293.15,293.15,293.15,200,3.09
22-01-2022 02:30,77,1008,293.15,293.15,293.15,200,3.09
22-01-2022 02:50,73,1009,294.15,294.15,294.15,210,2.06
22-01-2022 02:50,73,1009,294.15,294.15,294.15,210,2.06
22-01-2022 03:10,73,1009,294.15,294.15,294.15,210,2.06
22-01-2022 03:20,78,1009,294.15,294.15,294.15,230,3.09
22-01-2022 03:20,78,1009,294.15,294.15,294.15,230,3.09
22-01-2022 03:40,78,1009,294.15,294.15,294.15,230,3.09
22-01-2022 03:50,73,1009,295.15,295.15,295.15,220,4.12
22-01-2022 04:00,73,1009,295.15,295.15,295.15,220,4.12
22-01-2022 04:10,73,1009,295.15,295.15,295.15,220,4.12
22-01-2022 04:10,73,1009,295.15,295.15,295.15,220,4.12
22-01-2022 04:30,68,1009,296.15,296.15,296.15,220,3.09
22-01-2022 04:39,68,1009,296.15,296.15,296.15,220,3.09
22-01-2022 04:39,68,1009,296.15,296.15,296.15,220,3.09
22-01-2022 05:00,68,1009,296.15,296.15,296.15,240,2.57
22-01-2022 05:10,68,1009,296.15,296.15,296.15,240,2.57
22-01-2022 05:10,68,1009,296.15,296.15,296.15,240,2.57
22-01-2022 05:27,68,1010,296.15,296.15,296.15,280,4.63
22-01-2022 05:34,68,1010,296.15,296.15,296.15,280,4.63
22-01-2022 05:50,68,1009,296.15,296.15,296.15,300,5.14
22-01-2022 06:00,68,1009,296.15,296.15,296.15,300,5.14
22-01-2022 06:10,68,1009,296.15,296.15,296.15,300,5.14
22-01-2022 06:10,68,1009,296.15,296.15,296.15,300,5.14
22-01-2022 06:30,64,1009,297.15,297.15,297.15,320,7.2
22-01-2022 06:40,64,1009,297.15,297.15,297.15,320,7.2
22-01-2022 06:40,64,1009,297.15,297.15,297.15,320,7.2
22-01-2022 07:00,64,1009,297.15,297.15,297.15,340,4.12
22-01-2022 07:10,64,1009,297.15,297.15,297.15,340,4.12
22-01-2022 07:10,64,1009,297.15,297.15,297.15,340,4.12
22-01-2022 07:30,64,1008,297.15,297.15,297.15,320,3.6
22-01-2022 07:40,64,1008,297.15,297.15,297.15,270,6.69
22-01-2022 07:40,64,1008,297.15,297.15,297.15,270,6.69
22-01-2022 07:55,64,1008,297.15,297.15,297.15,270,6.69
22-01-2022 08:10,64,1008,297.15,297.15,297.15,270,6.69
22-01-2022 08:20,61,1007,298.15,298.15,298.15,290,7.2
22-01-2022 08:27,61,1007,298.15,298.15,298.15,290,7.2
22-01-2022 08:40,61,1007,298.15,298.15,298.15,290,7.2
22-01-2022 08:50,61,1006,298.15,298.15,298.15,270,7.2
22-01-2022 08:50,61,1006,298.15,298.15,298.15,270,7.2
22-01-2022 09:10,61,1006,298.15,298.15,298.15,270,7.2
22-01-2022 09:20,53,1006,299.15,299.15,299.15,290,5.14
22-01-2022 09:20,53,1006,299.15,299.15,299.15,290,5.14
22-01-2022 09:40,53,1006,299.15,299.15,299.15,290,5.14
22-01-2022 09:50,50,1006,300.15,300.15,300.15,280,7.72
22-01-2022 09:50,50,1006,300.15,300.15,300.15,280,7.72
22-01-2022 10:10,50,1006,300.15,300.15,300.15,280,7.72
22-01-2022 10:20,50,1005,300.15,300.15,300.15,250,9.26
22-01-2022 10:30,50,1005,300.15,300.15,300.15,250,9.26
22-01-2022 10:40,50,1005,300.15,300.15,300.15,250,9.26
22-01-2022 10:50,50,1005,300.15,300.15,300.15,270,8.23
22-01-2022 11:00,50,1005,300.15,300.15,300.15,270,8.23
22-01-2022 11:10,53,1005,299.15,299.15,299.15,260,7.2
22-01-2022 11:20,53,1005,299.15,299.15,299.15,260,7.2
22-01-2022 11:30,53,1005,299.15,299.15,299.15,260,7.2
22-01-2022 11:40,53,1005,299.15,299.15,299.15,260,7.2
22-01-2022 11:46,53,1005,299.15,299.15,299.15,280,5.66
22-01-2022 12:00,53,1005,299.15,299.15,299.15,280,5.66
22-01-2022 12:00,53,1005,299.15,299.15,299.15,280,5.66
22-01-2022 12:20,53,1005,299.15,299.15,299.15,270,5.14
22-01-2022 12:30,53,1005,299.15,299.15,299.15,270,5.14
22-01-2022 12:30,53,1005,299.15,299.15,299.15,270,5.14
22-01-2022 12:50,53,1005,298.15,298.15,298.15,280,4.12
22-01-2022 12:57,53,1005,298.15,298.15,298.15,280,4.12
22-01-2022 12:57,53,1005,298.15,298.15,298.15,280,4.12
22-01-2022 13:20,53,1006,298.15,298.15,298.15,270,4.12
22-01-2022 13:20,53,1006,298.15,298.15,298.15,270,4.12
